SET session_replication_role = 'replica';

TRUNCATE TABLE "deliveryplan" CASCADE;
TRUNCATE TABLE "stock" CASCADE;
TRUNCATE TABLE "creditcard" CASCADE;
TRUNCATE TABLE "supplierproduct" CASCADE;
TRUNCATE TABLE "useraccount" CASCADE;
TRUNCATE TABLE "customerorder" CASCADE;
TRUNCATE TABLE "address" CASCADE;
TRUNCATE TABLE "orderitem" CASCADE;
TRUNCATE TABLE "customer" CASCADE;
TRUNCATE TABLE "warehouse" CASCADE;
TRUNCATE TABLE "product" CASCADE;
TRUNCATE TABLE "staffmember" CASCADE;
TRUNCATE TABLE "productcategory" CASCADE;
TRUNCATE TABLE "supplier" CASCADE;

INSERT INTO "address" ("address_id", "user_id", "address_type", "street_address", "city", "state", "postal_code", "country", "is_default") VALUES
(1, '495998', 'PAYMENT', '2190 Buttonwood Run', 'San Jose', 'California', '95194', 'United States', '0'),
(2, '526049', 'STAFF', '13364 Elin Place', 'Laredo', 'Texas', '78044', 'United States', '0'),
(3, '307834', 'STAFF', '6412 De Lancy Lane', 'Lexington', 'Kentucky', '40524', 'United States', '0'),
(4, '702586', 'WAREHOUSE', '5998 Naples Place', 'Fort Wayne', 'Indiana', '46896', 'United States', '0'),
(5, '170781', 'PAYMENT', '10055 Wisteria Street', 'Rochester', 'New York', '14646', 'United States', '0'),
(6, '111773', 'SUPPLIER', '4441 Doria Lane', 'Port Charlotte', 'Florida', '33954', 'United States', '1'),
(7, '46330', 'DELIVERY', '362 Pinewood Place', 'Tuscaloosa', 'Alabama', '35405', 'United States', '0'),
(8, '861835', 'SUPPLIER', '2861 Rostas Way', 'New Haven', 'Connecticut', '06505', 'United States', '0'),
(9, '203030', 'STAFF', '78 Nostalgia Terrace', 'Birmingham', 'Alabama', '35205', 'United States', '1'),
(10, '34479', 'STAFF', '3694 Barrington Court', 'Fort Lauderdale', 'Florida', '33325', 'United States', '1'),
(11, '281651', 'PAYMENT', '1420 Pepperidge Circle', 'North Hollywood', 'California', '91616', 'United States', '0'),
(12, '482780', 'STAFF', '7477 Rojas Place', 'Kalamazoo', 'Michigan', '49006', 'United States', '1'),
(13, '345210', 'WAREHOUSE', '3988 Wittman Place', 'Melbourne', 'Florida', '32919', 'United States', '1'),
(14, '662388', 'SUPPLIER', '9719 Webb Way', 'Mount Vernon', 'New York', '10557', 'United States', '1'),
(15, '454425', 'SUPPLIER', '14680 Euclid Terrace', 'Yakima', 'Washington', '98907', 'United States', '0'),
(16, '584664', 'DELIVERY', '2965 Cipriano Place', 'West Hartford', 'Connecticut', '06127', 'United States', '0'),
(17, '208900', 'PAYMENT', '1880 Shelton Street', 'San Diego', 'California', '92115', 'United States', '0'),
(18, '752716', 'SUPPLIER', '9210 Coleman Drive', 'Las Vegas', 'Nevada', '89130', 'United States', '0'),
(19, '934818', 'PAYMENT', '14681 Andrews Avenue', 'Yakima', 'Washington', '98907', 'United States', '0'),
(20, '430164', 'DELIVERY', '3740 Sedgwick Place', 'Fort Myers', 'Florida', '33913', 'United States', '1'),
(21, '629567', 'SUPPLIER', '9951 Millsap Avenue', 'New York City', 'New York', '10249', 'United States', '0'),
(22, '470642', 'STAFF', '1546 Nectar Road', 'Pasadena', 'California', '91109', 'United States', '1'),
(23, '347242', 'STAFF', '4025 Sunnybrook Circle', 'Miami', 'Florida', '33129', 'United States', '0'),
(24, '548758', 'STAFF', '14709 Grassmere Street', 'Green Bay', 'Wisconsin', '54313', 'United States', '0'),
(25, '293912', 'WAREHOUSE', '8981 Eastbourne Lane', 'Paterson', 'New Jersey', '07544', 'United States', '0'),
(26, '459448', 'DELIVERY', '2445 Spartina Terrace', 'Aurora', 'Colorado', '80015', 'United States', '1'),
(27, '74662', 'PAYMENT', '4575 Carvello Drive', 'Tallahassee', 'Florida', '32314', 'United States', '1'),
(28, '165017', 'STAFF', '212 Ambler Circle', 'Huntsville', 'Alabama', '35810', 'United States', '0'),
(29, '762526', 'STAFF', '10904 Zingale Lane', 'Tulsa', 'Oklahoma', '74133', 'United States', '0'),
(30, '446444', 'SUPPLIER', '7217 Greyford Lane', 'Frederick', 'Maryland', '21705', 'United States', '0'),
(31, '474884', 'DELIVERY', '11440 Foster Place', 'Pittsburgh', 'Pennsylvania', '15250', 'United States', '0'),
(32, '119150', 'SUPPLIER', '14358 Shumate Court', 'Virginia Beach', 'Virginia', '23454', 'United States', '0'),
(33, '666786', 'WAREHOUSE', '11808 Blackton Avenue', 'Chattanooga', 'Tennessee', '37450', 'United States', '1'),
(34, '819559', 'SUPPLIER', '13653 Cristo Road', 'Texarkana', 'Texas', '75507', 'United States', '0'),
(35, '252733', 'SUPPLIER', '6722 Marnie Terrace', 'Monroe', 'Louisiana', '71213', 'United States', '1'),
(36, '832310', 'PAYMENT', '1197 Marja Street', 'Long Beach', 'California', '90840', 'United States', '1'),
(37, '17495', 'WAREHOUSE', '647 Buchanan Place', 'Phoenix', 'Arizona', '85083', 'United States', '0'),
(38, '902627', 'WAREHOUSE', '9994 Stebbins Lane', 'New York City', 'New York', '10292', 'United States', '0'),
(39, '145674', 'WAREHOUSE', '3838 Cabella Circle', 'Jacksonville', 'Florida', '32204', 'United States', '1'),
(40, '148737', 'STAFF', '5622 Grantham Terrace', 'Chicago', 'Illinois', '60669', 'United States', '0'),
(41, '445099', 'SUPPLIER', '8476 Lozano Avenue', 'Charlotte', 'North Carolina', '28284', 'United States', '0'),
(42, '134943', 'WAREHOUSE', '1078 Ford Street', 'Glendale', 'California', '91205', 'United States', '0'),
(43, '864706', 'STAFF', '9659 Peaceful Place', 'Hicksville', 'New York', '11854', 'United States', '1'),
(44, '278796', 'PAYMENT', '14994 Mardell Lane', 'Cheyenne', 'Wyoming', '82007', 'United States', '0'),
(45, '394640', 'SUPPLIER', '8208 Petoskey Place', 'Springfield', 'Missouri', '65810', 'United States', '1'),
(46, '231966', 'WAREHOUSE', '1823 Hazelwood Loop', 'Salinas', 'California', '93907', 'United States', '0'),
(47, '961566', 'PAYMENT', '3523 Foley Trail', 'Boca Raton', 'Florida', '33499', 'United States', '1'),
(48, '172344', 'SUPPLIER', '1236 Crestwood Lane', 'Los Angeles', 'California', '90020', 'United States', '1'),
(49, '463310', 'DELIVERY', '10758 Buttonwood Run', 'Oklahoma City', 'Oklahoma', '73109', 'United States', '0'),
(50, '877101', 'PAYMENT', '517 Amici Avenue', 'Mesa', 'Arizona', '85215', 'United States', '1'),
(51, '194292', 'DELIVERY', '14585 Kensington Place', 'Spokane', 'Washington', '99260', 'United States', '0'),
(52, '29139', 'SUPPLIER', '2308 Abercorn Court', 'South Lake Tahoe', 'California', '96154', 'United States', '0'),
(53, '303234', 'WAREHOUSE', '11729 Rainsong Avenue', 'Spartanburg', 'South Carolina', '29305', 'United States', '1'),
(54, '115739', 'SUPPLIER', '584 Guillermina Loop', 'Phoenix', 'Arizona', '85035', 'United States', '1'),
(55, '927926', 'SUPPLIER', '7592 Enconto Street', 'Duluth', 'Minnesota', '55805', 'United States', '0'),
(56, '960298', 'WAREHOUSE', '8884 Willington Way', 'Appleton', 'Wisconsin', '54915', 'United States', '0'),
(57, '52694', 'SUPPLIER', '14690 Andrews Avenue', 'Springfield', 'Missouri', '65810', 'United States', '0'),
(58, '497031', 'PAYMENT', '8205 Cloverwood Terrace', 'Oakland', 'California', '94616', 'United States', '1'),
(59, '478243', 'WAREHOUSE', '1450 Fillmore Place', 'Lakeland', 'Florida', '33811', 'United States', '1'),
(60, '529432', 'WAREHOUSE', '3961 Central Street', 'New York City', 'New York', '10024', 'United States', '1'),
(61, '363480', 'SUPPLIER', '9771 Silvana Way', 'Topeka', 'Kansas', '66642', 'United States', '1'),
(62, '764999', 'DELIVERY', '14327 Lawler Loop', 'Sacramento', 'California', '95813', 'United States', '1'),
(63, '693944', 'WAREHOUSE', '8068 Rainbow Blvd.', 'Philadelphia', 'Pennsylvania', '19191', 'United States', '1'),
(64, '987948', 'WAREHOUSE', '6301 Dray Drive', 'Tampa', 'Florida', '33694', 'United States', '0'),
(65, '589975', 'STAFF', '1749 Eisenhower Way', 'Charlotte', 'North Carolina', '28272', 'United States', '0'),
(66, '650703', 'SUPPLIER', '11363 Spoonbill Street', 'Boston', 'Massachusetts', '02216', 'United States', '0'),
(67, '485328', 'SUPPLIER', '4675 Hallandale Lane', 'Jamaica', 'New York', '11480', 'United States', '1'),
(68, '572563', 'SUPPLIER', '8453 Mccook Street', 'Young America', 'Minnesota', '55573', 'United States', '1'),
(69, '196854', 'STAFF', '6945 Jackson Street', 'Washington', 'District of Columbia', '20016', 'United States', '1'),
(70, '342152', 'SUPPLIER', '9702 Connor Way', 'San Antonio', 'Texas', '78265', 'United States', '0'),
(71, '208483', 'DELIVERY', '7895 Lachapelle Lane', 'Cleveland', 'Ohio', '44130', 'United States', '0'),
(72, '945794', 'PAYMENT', '2988 Julian Loop', 'Anchorage', 'Alaska', '99599', 'United States', '1'),
(73, '367087', 'PAYMENT', '13587 Albany Avenue', 'Mansfield', 'Ohio', '44905', 'United States', '1'),
(74, '942359', 'STAFF', '10415 Maria Court', 'Toledo', 'Ohio', '43699', 'United States', '1'),
(75, '418357', 'STAFF', '38 Millwood Way', 'Dallas', 'Texas', '75246', 'United States', '1'),
(76, '557241', 'WAREHOUSE', '10625 Escobar Avenue', 'Brooklyn', 'New York', '11236', 'United States', '0'),
(77, '963302', 'STAFF', '10689 Bowman Terrace', 'Charlotte', 'North Carolina', '28278', 'United States', '0'),
(78, '356484', 'STAFF', '12487 Horsford Path', 'Orlando', 'Florida', '32803', 'United States', '1'),
(79, '106910', 'DELIVERY', '9517 Lewiston Lane', 'Washington', 'District of Columbia', '20310', 'United States', '0'),
(80, '311893', 'WAREHOUSE', '8465 Wading Heron Way', 'Odessa', 'Texas', '79769', 'United States', '0'),
(81, '659408', 'SUPPLIER', '4228 Gompers Place', 'Washington', 'District of Columbia', '20215', 'United States', '1'),
(82, '733439', 'SUPPLIER', '3190 Santa Anna Lane', 'Saint Petersburg', 'Florida', '33705', 'United States', '0'),
(83, '801471', 'DELIVERY', '13452 Day Drive', 'Chicago', 'Illinois', '60646', 'United States', '1'),
(84, '999935', 'SUPPLIER', '3116 Clara Court', 'Atlanta', 'Georgia', '30380', 'United States', '1'),
(85, '943410', 'DELIVERY', '4474 Heather Way', 'Apache Junction', 'Arizona', '85219', 'United States', '1'),
(86, '626467', 'WAREHOUSE', '5588 Dorst Lane', 'Minneapolis', 'Minnesota', '55407', 'United States', '0'),
(87, '765745', 'PAYMENT', '4904 Lake Ridge Drive', 'Yakima', 'Washington', '98907', 'United States', '1'),
(88, '227606', 'DELIVERY', '459 Hills Court', 'Hayward', 'California', '94544', 'United States', '1'),
(89, '59660', 'SUPPLIER', '7646 Simpson Street', 'Harrisburg', 'Pennsylvania', '17105', 'United States', '1'),
(90, '460712', 'WAREHOUSE', '14687 Furman Loop', 'Philadelphia', 'Pennsylvania', '19191', 'United States', '1'),
(91, '324469', 'DELIVERY', '1093 Delia Place', 'Dayton', 'Ohio', '45408', 'United States', '1'),
(92, '928540', 'DELIVERY', '11154 Iris Way', 'Austin', 'Texas', '78710', 'United States', '0'),
(93, '951671', 'PAYMENT', '11362 Asher Path', 'Saint Louis', 'Missouri', '63143', 'United States', '1'),
(94, '490867', 'PAYMENT', '12342 Incorvaia Way', 'El Paso', 'Texas', '88514', 'United States', '0'),
(95, '368428', 'DELIVERY', '10535 Links Court', 'Long Beach', 'California', '90810', 'United States', '0'),
(96, '433094', 'STAFF', '12206 Kane Place', 'Fresno', 'California', '93762', 'United States', '1'),
(97, '958957', 'SUPPLIER', '8120 Teresa Terrace', 'Hamilton', 'Ohio', '45020', 'United States', '1'),
(98, '932467', 'STAFF', '12770 Jericho Way', 'Albany', 'New York', '12210', 'United States', '1'),
(99, '963773', 'WAREHOUSE', '1183 Mack Street', 'Edmond', 'Oklahoma', '73034', 'United States', '1'),
(100, '584161', 'SUPPLIER', '1002 Driftwood Place', 'Monticello', 'Minnesota', '55585', 'United States', '0');


-- fabricate-flush


INSERT INTO "creditcard" ("card_id", "customer_id", "card_number", "cardholder_name", "expiration_date", "cvv", "payment_address_id", "is_default") VALUES
(1, '1', '5571826019087556', 'Lisabeth Itzkovsky', '2024-09-11', '738', '1', '0'),
(2, '2', '377862214031410', 'Torrey Towner', '2024-10-20', '056', '2', '0'),
(3, '3', '613700419535327071', 'Corliss Date', '2024-12-02', '1807', '3', '0'),
(4, '4', '618818063256958967', 'Chico Aherne', '2024-06-18', '330', '4', '1'),
(5, '5', '5201022493085047', 'Dirk Kisbee', '2024-12-26', '124', '5', '0'),
(6, '6', '5483516081446023', 'Frants Dedman', '2025-01-22', '256', '6', '1'),
(7, '7', '619256162715127870', 'Bard Gunnell', '2025-02-21', '6164', '7', '0'),
(8, '8', '4902410272675861', 'Berni Loveitt', '2024-11-30', '1297', '8', '1'),
(9, '9', '4578861807406', 'Temp Colnett', '2024-08-19', '592', '9', '0'),
(10, '10', '349915910220116', 'Elie Bickerstaffe', '2024-10-13', '547', '10', '0'),
(11, '11', '4335252952405', 'Rey Draisey', '2024-12-21', '2164', '11', '1'),
(12, '12', '605798343131207314', 'Jacinthe Briars', '2025-02-10', '683', '12', '1'),
(13, '13', '5218265067766986', 'Curtice Auston', '2024-04-23', '466', '13', '0'),
(14, '14', '5257136802315185', 'Vernen Kettow', '2024-06-14', '134', '14', '1'),
(15, '15', '343769726582485', 'Ellyn Vreede', '2024-10-27', '5377', '15', '1'),
(16, '16', '5163758813944258', 'Janis Gregolotti', '2025-01-27', '607', '16', '0'),
(17, '17', '375514871305626', 'Ingaberg Barkly', '2024-05-30', '372', '17', '1'),
(18, '18', '607620837513106101', 'Zenia McElree', '2025-02-28', '5338', '18', '1'),
(19, '19', '5444538938879329', 'Raffaello Yurenev', '2024-09-19', '9355', '19', '0'),
(20, '20', '5318271670493249', 'Ketty Karran', '2024-12-28', '965', '20', '0'),
(21, '21', '5197353277342122', 'Marrissa Tellesson', '2025-03-15', '6002', '21', '1'),
(22, '22', '374309573086830', 'Ash Critchlow', '2024-04-24', '189', '22', '1'),
(23, '23', '343708001602081', 'Buckie McGall', '2025-02-20', '057', '23', '0'),
(24, '24', '619073682994366825', 'Clea Catterill', '2024-09-19', '384', '24', '0'),
(25, '25', '606473856909595487', 'Franklyn McGoldrick', '2024-09-16', '8267', '25', '0'),
(26, '26', '5115653580873369', 'Gisella Bradd', '2024-07-31', '212', '26', '1'),
(27, '27', '5419176193520055', 'Zorina Ostler', '2025-04-07', '593', '27', '0'),
(28, '28', '5539481850622458', 'Sunny Ranstead', '2024-04-29', '3822', '28', '1'),
(29, '29', '377110694972557', 'Gaby Zarb', '2025-03-04', '890', '29', '0'),
(30, '30', '609055088029676936', 'Hanan Forestall', '2024-09-17', '961', '30', '1'),
(31, '31', '4969129562892', 'Leonore Heinsh', '2024-12-17', '0421', '31', '1'),
(32, '32', '610271138433143696', 'Maurise Whytock', '2024-08-09', '4174', '32', '1'),
(33, '33', '340384915393821', 'Nadeen Pyett', '2024-12-30', '6844', '33', '0'),
(34, '34', '4489996484837290', 'Hilton Geerling', '2025-04-21', '7026', '34', '0'),
(35, '35', '4204899942330458', 'Marcia Ollerhead', '2024-09-22', '6591', '35', '0'),
(36, '36', '4496571009004', 'Sutherlan Hallagan', '2024-08-11', '6186', '36', '1'),
(37, '37', '613159505570827615', 'Joyous Sein', '2024-09-22', '4889', '37', '1'),
(38, '38', '5135832548248379', 'Ricki Kettlesing', '2024-05-13', '875', '38', '1'),
(39, '39', '4012647092684', 'Roanne Beet', '2024-11-14', '715', '39', '0'),
(40, '40', '379483448450466', 'Rochella MacDermott', '2024-10-24', '9262', '40', '1'),
(41, '41', '342099572947823', 'Jozef Lippi', '2024-08-30', '585', '41', '1'),
(42, '42', '5478333543436387', 'Alasteir Castellino', '2025-01-04', '943', '42', '0'),
(43, '43', '4767858656986', 'Sheba Janovsky', '2024-11-20', '0148', '43', '0'),
(44, '44', '606143354863945708', 'Beniamino Thoumas', '2024-08-09', '3397', '44', '0'),
(45, '45', '5205519159609313', 'Gracia Neilson', '2024-10-28', '1370', '45', '1'),
(46, '46', '615710776612623752', 'Killie Brandsma', '2025-03-22', '1270', '46', '0'),
(47, '47', '5469194751138706', 'Wylma Davern', '2025-02-15', '154', '47', '1'),
(48, '48', '611650309965892443', 'Leontine Goulstone', '2024-09-26', '018', '48', '0'),
(49, '49', '5403641312933131', 'Nial Moulson', '2024-10-23', '7380', '49', '1'),
(50, '50', '603794705805260671', 'Kellen Condict', '2025-01-25', '583', '50', '0'),
(51, '51', '5573946974141988', 'Ronnie Peckham', '2024-08-29', '1948', '51', '0'),
(52, '52', '5345840076946781', 'Jere Triplett', '2025-04-18', '1382', '52', '1'),
(53, '53', '5337527878607774', 'Ty Roarty', '2024-05-05', '557', '53', '0'),
(54, '54', '5210432716310339', 'Evin Riddall', '2024-06-28', '751', '54', '1'),
(55, '55', '5326737069671330', 'Brandtr Rudgley', '2025-03-11', '7414', '55', '1'),
(56, '56', '5452444303350872', 'Crissie Boyton', '2024-04-30', '8686', '56', '1'),
(57, '57', '345168750202423', 'Carmelita Rodgier', '2024-12-07', '471', '57', '1'),
(58, '58', '349423111366664', 'Shirlee Sharpley', '2024-11-20', '251', '58', '0'),
(59, '59', '5549303530729784', 'Valle Wilson', '2025-01-28', '1219', '59', '1'),
(60, '60', '607078356391772303', 'Merrili Smythe', '2024-11-26', '633', '60', '0'),
(61, '61', '611837670025433247', 'Tremain Goundry', '2024-11-10', '671', '61', '0'),
(62, '62', '4098407170391', 'Naomi O''Mahoney', '2024-10-03', '600', '62', '1'),
(63, '63', '5561594159567363', 'Ahmad Pideon', '2024-07-12', '621', '63', '0'),
(64, '64', '616751406785346837', 'Adham Tewkesberrie', '2024-11-25', '977', '64', '1'),
(65, '65', '342571907117289', 'Lee Thirlaway', '2024-10-05', '1414', '65', '0'),
(66, '66', '618682885067100600', 'Renell Aime', '2024-12-06', '1291', '66', '1'),
(67, '67', '617681893807423996', 'Emmy Twelves', '2025-01-05', '545', '67', '0'),
(68, '68', '618855627039089912', 'Elyse Balshen', '2025-02-10', '1748', '68', '0'),
(69, '69', '610796448342289456', 'Morley Daice', '2025-03-30', '700', '69', '0'),
(70, '70', '345288563997914', 'Audra Nisard', '2025-03-27', '888', '70', '1'),
(71, '71', '349665013414297', 'Turner Deniso', '2024-10-28', '4824', '71', '0'),
(72, '72', '4582745516613229', 'Christabel Dermott', '2025-01-07', '360', '72', '0'),
(73, '73', '5594668474143810', 'Kristen Stranieri', '2024-08-25', '3381', '73', '1'),
(74, '74', '4328127312902', 'Marcia Yegorshin', '2025-02-11', '0090', '74', '0'),
(75, '75', '5442840745493357', 'Ashlie Tighe', '2024-12-15', '693', '75', '0'),
(76, '76', '4858972459270', 'Phelia Pellew', '2025-04-10', '090', '76', '0'),
(77, '77', '373850917630764', 'Cayla Juares', '2024-07-29', '0833', '77', '0'),
(78, '78', '4729015679938332', 'Julie Haggish', '2024-07-11', '1462', '78', '0'),
(79, '79', '5279838121102608', 'Courtney California', '2024-11-10', '671', '79', '0'),
(80, '80', '348961851139590', 'Roanne Redier', '2025-03-26', '5524', '80', '0'),
(81, '81', '618617245095166299', 'Koenraad Baughan', '2024-10-18', '1327', '81', '0'),
(82, '82', '346984235863853', 'Mechelle Mottershead', '2025-02-22', '6329', '82', '0'),
(83, '83', '346538692330334', 'Diarmid Ludford', '2024-04-22', '444', '83', '1'),
(84, '84', '5334466622083110', 'Heinrik Byforth', '2024-09-24', '9578', '84', '1'),
(85, '85', '5311707204160975', 'Dionne Cheal', '2025-02-12', '2597', '85', '1'),
(86, '86', '5264560736802128', 'Danette Steinson', '2025-02-22', '1442', '86', '1'),
(87, '87', '377601138920750', 'Smitty Gilogly', '2024-07-26', '958', '87', '1'),
(88, '88', '373005485946621', 'Durant Bridgman', '2024-09-12', '3883', '88', '0'),
(89, '89', '344120153969619', 'Quintin Hullin', '2024-08-19', '7108', '89', '1'),
(90, '90', '608316743036269805', 'Tremayne Abbatucci', '2025-02-22', '492', '90', '0'),
(91, '91', '4910073974044966', 'Darcy Waterhous', '2024-05-27', '3934', '91', '1'),
(92, '92', '377999682814131', 'Felisha Hartgill', '2024-06-10', '677', '92', '0'),
(93, '93', '5290274984506260', 'Rorke Skene', '2025-01-17', '297', '93', '1'),
(94, '94', '5352726342419580', 'Jan Siebert', '2024-08-09', '137', '94', '1'),
(95, '95', '4094921219851', 'Vale Edkins', '2024-12-14', '9038', '95', '1'),
(96, '96', '4890507049244', 'Gwendolin Gwioneth', '2025-04-10', '3011', '96', '0'),
(97, '97', '345643743533664', 'Kristopher Soloway', '2024-09-01', '2730', '97', '0'),
(98, '98', '610605231820181382', 'Constanta O''Nolan', '2024-07-16', '757', '98', '1'),
(99, '99', '610935761488112056', 'Ringo Christall', '2024-08-10', '386', '99', '1'),
(100, '100', '371900730563203', 'Thoma Fillery', '2024-10-08', '9476', '100', '0');


-- fabricate-flush


INSERT INTO "customer" ("customer_id", "user_id", "first_name", "last_name", "account_balance") VALUES
(1, '1', 'Lisabeth', 'Itzkovsky', '911.58'),
(2, '2', 'Torrey', 'Towner', '855.50'),
(3, '3', 'Corliss', 'Date', '1053.18'),
(4, '4', 'Chico', 'Aherne', '926.94'),
(5, '5', 'Dirk', 'Kisbee', '1100.73'),
(6, '6', 'Frants', 'Dedman', '1135.72'),
(7, '7', 'Bard', 'Gunnell', '833.53'),
(8, '8', 'Berni', 'Loveitt', '1202.74'),
(9, '9', 'Temp', 'Colnett', '905.58'),
(10, '10', 'Elie', 'Bickerstaffe', '941.62'),
(11, '11', 'Rey', 'Draisey', '813.98'),
(12, '12', 'Jacinthe', 'Briars', '1168.02'),
(13, '13', 'Curtice', 'Auston', '1248.93'),
(14, '14', 'Vernen', 'Kettow', '928.01'),
(15, '15', 'Ellyn', 'Vreede', '1094.76'),
(16, '16', 'Janis', 'Gregolotti', '939.43'),
(17, '17', 'Ingaberg', 'Barkly', '1201.03'),
(18, '18', 'Zenia', 'McElree', '755.56'),
(19, '19', 'Raffaello', 'Yurenev', '841.54'),
(20, '20', 'Ketty', 'Karran', '874.35'),
(21, '21', 'Marrissa', 'Tellesson', '907.33'),
(22, '22', 'Ash', 'Critchlow', '891.71'),
(23, '23', 'Buckie', 'McGall', '993.62'),
(24, '24', 'Clea', 'Catterill', '1120.75'),
(25, '25', 'Franklyn', 'McGoldrick', '844.25'),
(26, '26', 'Gisella', 'Bradd', '932.58'),
(27, '27', 'Zorina', 'Ostler', '996.58'),
(28, '28', 'Sunny', 'Ranstead', '938.61'),
(29, '29', 'Gaby', 'Zarb', '753.01'),
(30, '30', 'Hanan', 'Forestall', '812.48'),
(31, '31', 'Leonore', 'Heinsh', '765.52'),
(32, '32', 'Maurise', 'Whytock', '1010.82'),
(33, '33', 'Nadeen', 'Pyett', '1002.92'),
(34, '34', 'Hilton', 'Geerling', '858.29'),
(35, '35', 'Marcia', 'Ollerhead', '835.13'),
(36, '36', 'Sutherlan', 'Hallagan', '1079.71'),
(37, '37', 'Joyous', 'Sein', '908.99'),
(38, '38', 'Ricki', 'Kettlesing', '845.59'),
(39, '39', 'Roanne', 'Beet', '1154.53'),
(40, '40', 'Rochella', 'MacDermott', '828.63'),
(41, '41', 'Jozef', 'Lippi', '858.00'),
(42, '42', 'Alasteir', 'Castellino', '955.90'),
(43, '43', 'Sheba', 'Janovsky', '996.18'),
(44, '44', 'Beniamino', 'Thoumas', '1026.03'),
(45, '45', 'Gracia', 'Neilson', '977.46'),
(46, '46', 'Killie', 'Brandsma', '1110.80'),
(47, '47', 'Wylma', 'Davern', '1168.02'),
(48, '48', 'Leontine', 'Goulstone', '935.70'),
(49, '49', 'Nial', 'Moulson', '1185.89'),
(50, '50', 'Kellen', 'Condict', '779.52'),
(51, '51', 'Ronnie', 'Peckham', '1176.94'),
(52, '52', 'Jere', 'Triplett', '930.52'),
(53, '53', 'Ty', 'Roarty', '1079.23'),
(54, '54', 'Evin', 'Riddall', '897.55'),
(55, '55', 'Brandtr', 'Rudgley', '1152.40'),
(56, '56', 'Crissie', 'Boyton', '751.82'),
(57, '57', 'Carmelita', 'Rodgier', '774.27'),
(58, '58', 'Shirlee', 'Sharpley', '838.10'),
(59, '59', 'Valle', 'Wilson', '986.33'),
(60, '60', 'Merrili', 'Smythe', '1165.72'),
(61, '61', 'Tremain', 'Goundry', '870.08'),
(62, '62', 'Naomi', 'O''Mahoney', '772.63'),
(63, '63', 'Ahmad', 'Pideon', '1191.21'),
(64, '64', 'Adham', 'Tewkesberrie', '773.58'),
(65, '65', 'Lee', 'Thirlaway', '1215.03'),
(66, '66', 'Renell', 'Aime', '1073.67'),
(67, '67', 'Emmy', 'Twelves', '799.67'),
(68, '68', 'Elyse', 'Balshen', '996.17'),
(69, '69', 'Morley', 'Daice', '1083.90'),
(70, '70', 'Audra', 'Nisard', '1245.10'),
(71, '71', 'Turner', 'Deniso', '861.54'),
(72, '72', 'Christabel', 'Dermott', '888.71'),
(73, '73', 'Kristen', 'Stranieri', '1229.19'),
(74, '74', 'Marcia', 'Yegorshin', '851.65'),
(75, '75', 'Ashlie', 'Tighe', '768.65'),
(76, '76', 'Phelia', 'Pellew', '1077.89'),
(77, '77', 'Cayla', 'Juares', '784.26'),
(78, '78', 'Julie', 'Haggish', '817.76'),
(79, '79', 'Courtney', 'California', '1192.93'),
(80, '80', 'Roanne', 'Redier', '1027.64'),
(81, '81', 'Koenraad', 'Baughan', '986.28'),
(82, '82', 'Mechelle', 'Mottershead', '1013.35'),
(83, '83', 'Diarmid', 'Ludford', '1190.14'),
(84, '84', 'Heinrik', 'Byforth', '1063.90'),
(85, '85', 'Dionne', 'Cheal', '1131.15'),
(86, '86', 'Danette', 'Steinson', '1087.97'),
(87, '87', 'Smitty', 'Gilogly', '902.44'),
(88, '88', 'Durant', 'Bridgman', '765.63'),
(89, '89', 'Quintin', 'Hullin', '817.71'),
(90, '90', 'Tremayne', 'Abbatucci', '1082.25'),
(91, '91', 'Darcy', 'Waterhous', '768.53'),
(92, '92', 'Felisha', 'Hartgill', '770.68'),
(93, '93', 'Rorke', 'Skene', '1143.09'),
(94, '94', 'Jan', 'Siebert', '1240.40'),
(95, '95', 'Vale', 'Edkins', '951.16'),
(96, '96', 'Gwendolin', 'Gwioneth', '1192.77'),
(97, '97', 'Kristopher', 'Soloway', '898.73'),
(98, '98', 'Constanta', 'O''Nolan', '1096.88'),
(99, '99', 'Ringo', 'Christall', '1149.69'),
(100, '100', 'Thoma', 'Fillery', '895.89');


-- fabricate-flush


INSERT INTO "customerorder" ("order_id", "customer_id", "order_date", "status", "card_id", "total_amount") VALUES
(1, '1', '2025-03-09 04:09:52', 'SENT', '1', '431.38'),
(2, '2', '2025-03-03 02:11:51', 'CANCELLED', '2', '451.88'),
(3, '3', '2025-04-05 12:33:40', 'SENT', '3', '581.34'),
(4, '4', '2025-01-06 01:32:17', 'CANCELLED', '4', '558.65'),
(5, '5', '2025-04-21 06:50:57', 'ISSUED', '5', '519.74'),
(6, '6', '2025-01-19 15:16:21', 'CANCELLED', '6', '606.69'),
(7, '7', '2025-03-15 02:30:32', 'RECEIVED', '7', '557.47'),
(8, '8', '2024-08-27 10:27:59', 'RECEIVED', '8', '470.84'),
(9, '9', '2025-03-04 23:50:59', 'SENT', '9', '588.48'),
(10, '10', '2024-06-01 05:48:13', 'RECEIVED', '10', '441.16'),
(11, '11', '2024-09-10 01:21:01', 'SENT', '11', '410.95'),
(12, '12', '2024-11-02 09:19:28', 'RECEIVED', '12', '569.73'),
(13, '13', '2024-10-31 03:14:26', 'CANCELLED', '13', '462.10'),
(14, '14', '2025-01-12 03:00:07', 'CANCELLED', '14', '591.82'),
(15, '15', '2024-12-05 18:42:29', 'CANCELLED', '15', '450.71'),
(16, '16', '2024-10-26 18:00:29', 'ISSUED', '16', '517.61'),
(17, '17', '2024-04-23 21:28:35', 'CANCELLED', '17', '391.81'),
(18, '18', '2025-04-15 06:47:57', 'CANCELLED', '18', '461.36'),
(19, '19', '2024-05-08 06:38:23', 'CANCELLED', '19', '454.47'),
(20, '20', '2024-07-31 11:45:02', 'SENT', '20', '479.34'),
(21, '21', '2024-07-07 10:47:02', 'ISSUED', '21', '611.94'),
(22, '22', '2024-11-09 19:32:17', 'CANCELLED', '22', '395.01'),
(23, '23', '2025-01-06 06:50:36', 'SENT', '23', '437.92'),
(24, '24', '2024-08-08 16:42:17', 'RECEIVED', '24', '546.69'),
(25, '25', '2024-11-18 15:48:55', 'RECEIVED', '25', '519.55'),
(26, '26', '2025-03-28 09:00:38', 'SENT', '26', '466.28'),
(27, '27', '2025-01-27 10:00:10', 'ISSUED', '27', '593.58'),
(28, '28', '2024-09-30 15:20:45', 'SENT', '28', '437.58'),
(29, '29', '2024-08-12 23:58:32', 'CANCELLED', '29', '445.93'),
(30, '30', '2024-11-16 21:32:37', 'ISSUED', '30', '522.50'),
(31, '31', '2024-08-17 23:44:10', 'CANCELLED', '31', '566.13'),
(32, '32', '2024-11-02 14:05:58', 'RECEIVED', '32', '489.13'),
(33, '33', '2024-05-21 15:22:14', 'CANCELLED', '33', '473.58'),
(34, '34', '2024-04-27 16:09:25', 'SENT', '34', '534.96'),
(35, '35', '2025-01-14 14:48:55', 'RECEIVED', '35', '383.46'),
(36, '36', '2024-09-28 22:26:32', 'RECEIVED', '36', '408.25'),
(37, '37', '2025-01-25 17:36:55', 'SENT', '37', '495.35'),
(38, '38', '2024-07-07 12:14:08', 'CANCELLED', '38', '437.20'),
(39, '39', '2024-05-16 17:55:09', 'CANCELLED', '39', '546.11'),
(40, '40', '2024-12-08 15:07:41', 'CANCELLED', '40', '388.40'),
(41, '41', '2025-04-05 01:46:38', 'ISSUED', '41', '523.58'),
(42, '42', '2025-02-06 07:10:30', 'ISSUED', '42', '412.56'),
(43, '43', '2025-04-19 00:09:52', 'CANCELLED', '43', '477.93'),
(44, '44', '2024-06-18 09:21:23', 'CANCELLED', '44', '464.85'),
(45, '45', '2024-04-29 00:45:26', 'CANCELLED', '45', '471.12'),
(46, '46', '2024-04-26 23:29:48', 'RECEIVED', '46', '468.64'),
(47, '47', '2024-11-18 05:04:39', 'CANCELLED', '47', '529.57'),
(48, '48', '2025-02-10 04:04:02', 'SENT', '48', '585.68'),
(49, '49', '2024-08-27 01:43:27', 'RECEIVED', '49', '479.00'),
(50, '50', '2025-01-21 04:58:57', 'CANCELLED', '50', '446.85'),
(51, '51', '2024-10-22 16:12:54', 'ISSUED', '51', '578.45'),
(52, '52', '2024-09-20 08:36:59', 'CANCELLED', '52', '403.89'),
(53, '53', '2025-03-05 12:45:42', 'RECEIVED', '53', '486.65'),
(54, '54', '2025-01-01 14:53:03', 'RECEIVED', '54', '479.42'),
(55, '55', '2024-10-11 20:14:10', 'RECEIVED', '55', '431.55'),
(56, '56', '2024-07-13 10:47:45', 'CANCELLED', '56', '605.58'),
(57, '57', '2024-11-25 15:05:47', 'CANCELLED', '57', '554.67'),
(58, '58', '2025-01-08 12:21:52', 'CANCELLED', '58', '455.94'),
(59, '59', '2024-11-27 19:57:26', 'RECEIVED', '59', '406.17'),
(60, '60', '2024-07-02 21:44:49', 'RECEIVED', '60', '395.98'),
(61, '61', '2024-11-06 00:00:25', 'CANCELLED', '61', '614.56'),
(62, '62', '2025-04-19 11:48:10', 'ISSUED', '62', '529.48'),
(63, '63', '2025-03-25 11:47:56', 'SENT', '63', '399.74'),
(64, '64', '2024-09-29 12:16:31', 'SENT', '64', '428.54'),
(65, '65', '2025-03-05 06:28:54', 'CANCELLED', '65', '418.75'),
(66, '66', '2024-09-13 10:38:30', 'RECEIVED', '66', '593.19'),
(67, '67', '2024-10-15 05:24:18', 'ISSUED', '67', '412.11'),
(68, '68', '2025-04-19 20:59:12', 'RECEIVED', '68', '498.01'),
(69, '69', '2025-03-10 17:21:26', 'CANCELLED', '69', '498.87'),
(70, '70', '2024-06-18 17:14:08', 'ISSUED', '70', '390.90'),
(71, '71', '2024-05-16 12:46:32', 'SENT', '71', '515.35'),
(72, '72', '2025-02-26 00:28:49', 'CANCELLED', '72', '572.80'),
(73, '73', '2024-06-30 11:22:40', 'ISSUED', '73', '566.97'),
(74, '74', '2024-12-05 07:09:09', 'ISSUED', '74', '379.64'),
(75, '75', '2025-03-29 16:45:54', 'RECEIVED', '75', '381.20'),
(76, '76', '2024-08-02 09:33:13', 'ISSUED', '76', '538.75'),
(77, '77', '2024-12-28 17:46:44', 'ISSUED', '77', '533.19'),
(78, '78', '2025-02-19 09:58:04', 'SENT', '78', '481.42'),
(79, '79', '2024-11-01 01:30:13', 'SENT', '79', '510.83'),
(80, '80', '2024-06-22 05:31:29', 'ISSUED', '80', '558.06'),
(81, '81', '2024-07-10 21:59:48', 'CANCELLED', '81', '384.63'),
(82, '82', '2024-10-06 06:32:58', 'RECEIVED', '82', '378.16'),
(83, '83', '2025-02-12 11:15:19', 'CANCELLED', '83', '581.81'),
(84, '84', '2024-08-30 11:45:06', 'RECEIVED', '84', '544.38'),
(85, '85', '2025-04-06 02:33:45', 'SENT', '85', '447.07'),
(86, '86', '2024-10-02 21:13:43', 'CANCELLED', '86', '522.56'),
(87, '87', '2024-09-09 02:53:03', 'SENT', '87', '388.48'),
(88, '88', '2024-05-17 16:27:29', 'SENT', '88', '510.81'),
(89, '89', '2024-08-13 11:10:16', 'SENT', '89', '420.92'),
(90, '90', '2024-12-02 16:42:32', 'CANCELLED', '90', '390.60'),
(91, '91', '2025-01-09 11:42:53', 'ISSUED', '91', '472.41'),
(92, '92', '2025-03-26 18:07:34', 'SENT', '92', '598.24'),
(93, '93', '2024-12-03 12:38:33', 'RECEIVED', '93', '546.51'),
(94, '94', '2025-01-20 06:45:51', 'ISSUED', '94', '583.30'),
(95, '95', '2024-12-21 10:12:41', 'ISSUED', '95', '375.63'),
(96, '96', '2024-06-26 08:27:35', 'RECEIVED', '96', '409.91'),
(97, '97', '2024-12-14 10:09:24', 'ISSUED', '97', '608.60'),
(98, '98', '2025-04-05 19:16:25', 'CANCELLED', '98', '538.66'),
(99, '99', '2024-07-29 18:38:30', 'RECEIVED', '99', '401.85'),
(100, '100', '2024-07-05 11:44:41', 'CANCELLED', '100', '463.63');


-- fabricate-flush


INSERT INTO "deliveryplan" ("delivery_id", "order_id", "delivery_type", "delivery_price", "ship_date", "delivery_date", "delivery_address_id") VALUES
(1, '1', 'STANDARD', '19.99', '2024-07-14', '2024-05-23', '1'),
(2, '2', 'STANDARD', '39.99', '2025-02-05', '2024-06-22', '2'),
(3, '3', 'EXPRESS', '8.99', '2024-08-31', '2024-11-08', '3'),
(4, '4', 'STANDARD', '34.99', '2025-03-17', '2024-06-27', '4'),
(5, '5', 'EXPRESS', '8.99', '2024-10-09', '2024-07-26', '5'),
(6, '6', 'EXPRESS', '8.49', '2024-06-20', '2024-12-15', '6'),
(7, '7', 'EXPRESS', '58.99', '2024-10-13', '2024-06-10', '7'),
(8, '8', 'STANDARD', '2.99', '2024-05-16', '2024-07-16', '8'),
(9, '9', 'EXPRESS', '4.29', '2024-07-29', '2024-05-30', '9'),
(10, '10', 'STANDARD', '2.49', '2024-08-03', '2024-12-01', '10'),
(11, '11', 'STANDARD', '2.99', '2025-03-22', '2024-08-10', '11'),
(12, '12', 'EXPRESS', '3.29', '2025-01-23', '2024-09-07', '12'),
(13, '13', 'STANDARD', '12.99', '2024-08-19', '2024-10-28', '13'),
(14, '14', 'STANDARD', '24.99', '2024-09-12', '2024-09-22', '14'),
(15, '15', 'STANDARD', '9.99', '2024-11-21', '2024-10-14', '15'),
(16, '16', 'STANDARD', '2.49', '2024-09-04', '2025-04-08', '16'),
(17, '17', 'STANDARD', '19.99', '2024-08-30', '2024-04-26', '17'),
(18, '18', 'EXPRESS', '4.59', '2024-08-08', '2025-02-12', '18'),
(19, '19', 'STANDARD', '15.99', '2024-11-25', '2025-03-10', '19'),
(20, '20', 'EXPRESS', '59.99', '2024-09-19', '2024-08-14', '20'),
(21, '21', 'EXPRESS', '3.89', '2024-10-25', '2024-11-14', '21'),
(22, '22', 'STANDARD', '3.29', '2024-06-17', '2024-06-30', '22'),
(23, '23', 'EXPRESS', '29.99', '2024-10-25', '2024-11-25', '23'),
(24, '24', 'EXPRESS', '4.99', '2024-08-08', '2025-02-26', '24'),
(25, '25', 'EXPRESS', '15.99', '2024-09-06', '2025-03-04', '25'),
(26, '26', 'EXPRESS', '4.99', '2024-10-11', '2024-09-03', '26'),
(27, '27', 'EXPRESS', '4.99', '2024-07-01', '2024-10-31', '27'),
(28, '28', 'STANDARD', '8.99', '2025-03-04', '2024-09-20', '28'),
(29, '29', 'EXPRESS', '2.29', '2024-10-06', '2024-04-29', '29'),
(30, '30', 'EXPRESS', '5.99', '2024-09-07', '2024-11-11', '30'),
(31, '31', 'EXPRESS', '49.99', '2025-02-08', '2024-09-19', '31'),
(32, '32', 'STANDARD', '1.99', '2025-03-24', '2025-03-06', '32'),
(33, '33', 'STANDARD', '3.99', '2025-01-23', '2024-08-14', '33'),
(34, '34', 'EXPRESS', '34.99', '2024-06-13', '2024-10-17', '34'),
(35, '35', 'STANDARD', '5.99', '2024-11-14', '2024-05-08', '35'),
(36, '36', 'STANDARD', '3.59', '2025-03-02', '2025-01-08', '36'),
(37, '37', 'EXPRESS', '4.99', '2025-01-27', '2024-10-16', '37'),
(38, '38', 'STANDARD', '24.99', '2024-08-22', '2025-02-11', '38'),
(39, '39', 'STANDARD', '99.99', '2024-05-13', '2025-03-07', '39'),
(40, '40', 'EXPRESS', '2.29', '2025-04-14', '2024-08-12', '40'),
(41, '41', 'EXPRESS', '4.49', '2024-09-21', '2024-11-03', '41'),
(42, '42', 'STANDARD', '39.99', '2024-10-06', '2025-01-13', '42'),
(43, '43', 'STANDARD', '24.99', '2025-01-01', '2025-01-04', '43'),
(44, '44', 'STANDARD', '7.99', '2025-01-11', '2024-06-28', '44'),
(45, '45', 'STANDARD', '2.79', '2024-05-17', '2024-09-23', '45'),
(46, '46', 'EXPRESS', '7.99', '2024-04-25', '2024-08-06', '46'),
(47, '47', 'STANDARD', '3.29', '2024-07-11', '2024-05-28', '47'),
(48, '48', 'EXPRESS', '34.99', '2024-11-20', '2025-01-14', '48'),
(49, '49', 'STANDARD', '14.99', '2025-04-16', '2024-08-21', '49'),
(50, '50', 'EXPRESS', '14.99', '2024-07-03', '2024-07-25', '50'),
(51, '51', 'EXPRESS', '4.99', '2024-11-09', '2025-03-01', '51'),
(52, '52', 'STANDARD', '3.99', '2024-08-25', '2025-03-11', '52'),
(53, '53', 'STANDARD', '39.99', '2025-03-23', '2025-01-23', '53'),
(54, '54', 'EXPRESS', '79.99', '2024-05-29', '2024-12-28', '54'),
(55, '55', 'STANDARD', '6.49', '2025-03-24', '2025-03-13', '55'),
(56, '56', 'EXPRESS', '24.99', '2025-01-07', '2024-06-18', '56'),
(57, '57', 'STANDARD', '24.99', '2024-07-18', '2025-04-01', '57'),
(58, '58', 'STANDARD', '1.79', '2024-04-23', '2024-07-15', '58'),
(59, '59', 'EXPRESS', '5.99', '2024-10-31', '2024-06-18', '59'),
(60, '60', 'EXPRESS', '2.99', '2024-06-22', '2024-05-28', '60'),
(61, '61', 'STANDARD', '22', '2024-09-02', '2024-12-29', '61'),
(62, '62', 'EXPRESS', '5.49', '2024-04-25', '2025-01-20', '62'),
(63, '63', 'EXPRESS', '5.99', '2025-02-07', '2024-08-09', '63'),
(64, '64', 'STANDARD', '19.99', '2025-01-17', '2024-09-23', '64'),
(65, '65', 'STANDARD', '39.99', '2025-02-27', '2024-08-10', '65'),
(66, '66', 'EXPRESS', '8.99', '2024-07-08', '2024-10-17', '66'),
(67, '67', 'STANDARD', '39.99', '2024-05-18', '2025-01-16', '67'),
(68, '68', 'EXPRESS', '14.99', '2025-04-15', '2025-03-21', '68'),
(69, '69', 'STANDARD', '4.49', '2024-07-24', '2024-10-30', '69'),
(70, '70', 'EXPRESS', '2.99', '2025-02-17', '2024-12-09', '70'),
(71, '71', 'STANDARD', '89.99', '2024-11-11', '2024-07-06', '71'),
(72, '72', 'EXPRESS', '9.99', '2025-03-31', '2025-03-28', '72'),
(73, '73', 'EXPRESS', '4.99', '2025-01-23', '2024-12-24', '73'),
(74, '74', 'EXPRESS', '6.49', '2025-04-06', '2024-07-29', '74'),
(75, '75', 'EXPRESS', '22.99', '2024-09-12', '2025-03-27', '75'),
(76, '76', 'EXPRESS', '24.99', '2024-08-16', '2024-09-27', '76'),
(77, '77', 'STANDARD', '89.99', '2024-12-19', '2025-03-12', '77'),
(78, '78', 'STANDARD', '12.99', '2024-06-27', '2025-02-24', '78'),
(79, '79', 'EXPRESS', '29.99', '2024-12-25', '2024-08-28', '79'),
(80, '80', 'EXPRESS', '2.39', '2025-03-18', '2024-09-19', '80'),
(81, '81', 'EXPRESS', '2.29', '2024-08-13', '2024-12-13', '81'),
(82, '82', 'EXPRESS', '3.49', '2024-09-29', '2024-07-23', '82'),
(83, '83', 'EXPRESS', '14.99', '2024-08-26', '2024-11-29', '83'),
(84, '84', 'STANDARD', '3.99', '2025-01-13', '2024-06-08', '84'),
(85, '85', 'EXPRESS', '4.29', '2024-06-06', '2025-04-06', '85'),
(86, '86', 'STANDARD', '29.99', '2024-05-25', '2024-09-22', '86'),
(87, '87', 'EXPRESS', '2.49', '2025-01-26', '2024-11-21', '87'),
(88, '88', 'EXPRESS', '18.99', '2024-09-13', '2024-09-15', '88'),
(89, '89', 'EXPRESS', '5.29', '2024-05-17', '2025-03-25', '89'),
(90, '90', 'STANDARD', '49.99', '2024-09-17', '2024-09-03', '90'),
(91, '91', 'EXPRESS', '19.99', '2024-12-31', '2024-12-08', '91'),
(92, '92', 'STANDARD', '3.49', '2024-09-15', '2025-04-17', '92'),
(93, '93', 'STANDARD', '69.99', '2024-11-22', '2024-05-07', '93'),
(94, '94', 'STANDARD', '59.99', '2024-04-30', '2024-06-06', '94'),
(95, '95', 'STANDARD', '69.99', '2024-11-05', '2024-08-08', '95'),
(96, '96', 'EXPRESS', '2.79', '2025-02-28', '2024-08-06', '96'),
(97, '97', 'STANDARD', '19.99', '2024-07-21', '2025-03-28', '97'),
(98, '98', 'EXPRESS', '89.99', '2024-10-10', '2024-11-26', '98'),
(99, '99', 'STANDARD', '2.99', '2024-09-24', '2024-07-29', '99'),
(100, '100', 'STANDARD', '5.99', '2024-05-08', '2025-01-30', '100');


-- fabricate-flush


INSERT INTO "orderitem" ("order_item_id", "order_id", "product_id", "quantity", "price_at_purchase") VALUES
(1, '411873', '173492', '84', '4.29'),
(2, '44009', '639420', '17', '22.99'),
(3, '538186', '215574', '97', '3.59'),
(4, '243778', '860938', '5', '3.79'),
(5, '250812', '597090', '25', '49.99'),
(6, '326146', '680558', '51', '4.99'),
(7, '866685', '924933', '25', '20.99'),
(8, '519695', '902319', '85', '1.99'),
(9, '607019', '745853', '53', '29.99'),
(10, '763374', '864035', '8', '3.99'),
(11, '482744', '716036', '42', '6.99'),
(12, '973417', '537983', '55', '3.29'),
(13, '970034', '503278', '64', '79.99'),
(14, '338409', '436435', '44', '8.99'),
(15, '694705', '45310', '49', '49.99'),
(16, '776901', '473624', '38', '12.99'),
(17, '961576', '310921', '1', '3.99'),
(18, '567496', '453130', '47', '4.99'),
(19, '224480', '211182', '36', '19.99'),
(20, '38552', '94511', '17', '2.99'),
(21, '567528', '759560', '63', '19.99'),
(22, '530966', '889108', '22', '199.99'),
(23, '836650', '558587', '57', '6.49'),
(24, '308592', '652412', '83', '29.99'),
(25, '216831', '906797', '88', '199.99'),
(26, '681774', '208229', '46', '199.99'),
(27, '726977', '319769', '82', '2.49'),
(28, '980662', '16702', '34', '2.79'),
(29, '881413', '16734', '37', '34.99'),
(30, '639526', '647001', '51', '4.79'),
(31, '940794', '390711', '94', '199.99'),
(32, '498054', '328797', '62', '2.49'),
(33, '815388', '265348', '97', '99.99'),
(34, '964277', '889476', '55', '1.29'),
(35, '75950', '197956', '9', '3.49'),
(36, '468109', '464006', '15', '3.99'),
(37, '88347', '910130', '86', '5.49'),
(38, '91113', '837928', '14', '19.99'),
(39, '290437', '590629', '64', '24.99'),
(40, '416084', '698594', '94', '24.99'),
(41, '745580', '474587', '72', '79.99'),
(42, '671420', '169285', '46', '22.99'),
(43, '877382', '413423', '89', '3.29'),
(44, '775717', '551376', '13', '1.99'),
(45, '270271', '875792', '19', '24.99'),
(46, '814171', '200635', '52', '79.99'),
(47, '614627', '118350', '3', '12.99'),
(48, '352995', '15706', '59', '2.99'),
(49, '795988', '287228', '93', '14.99'),
(50, '901887', '346980', '35', '4.49'),
(51, '609186', '349801', '23', '2.49'),
(52, '493710', '263273', '92', '2.49'),
(53, '377160', '663667', '84', '6.49'),
(54, '462424', '98437', '53', '6.29'),
(55, '687243', '665537', '70', '19.99'),
(56, '225714', '221437', '46', '4.29'),
(57, '979890', '377443', '4', '2.99'),
(58, '695893', '434309', '98', '4.99'),
(59, '66925', '402673', '26', '45.99'),
(60, '612233', '498605', '58', '2.49'),
(61, '525780', '54844', '4', '59.99'),
(62, '854434', '338422', '46', '24.99'),
(63, '469871', '121125', '75', '39.99'),
(64, '773944', '283560', '31', '29.99'),
(65, '312673', '437876', '70', '5.49'),
(66, '433260', '337195', '20', '3.99'),
(67, '915070', '545364', '54', '79.99'),
(68, '359210', '498884', '66', '69.99'),
(69, '919552', '867111', '63', '44.99'),
(70, '849055', '338350', '27', '199.99'),
(71, '124728', '624206', '2', '34.99'),
(72, '478284', '662502', '20', '12.99'),
(73, '973395', '915885', '54', '2.49'),
(74, '50633', '891196', '83', '49.99'),
(75, '686872', '206341', '90', '9.99'),
(76, '230835', '76314', '41', '3.99'),
(77, '506052', '511066', '54', '2.5'),
(78, '639478', '54677', '75', '34.99'),
(79, '317387', '986704', '72', '9.99'),
(80, '549527', '122052', '26', '3.99'),
(81, '693121', '684625', '76', '35'),
(82, '410458', '324055', '74', '39.99'),
(83, '509033', '961035', '99', '39.99'),
(84, '335459', '524586', '75', '4.99'),
(85, '410486', '772378', '67', '32.99'),
(86, '700194', '456666', '3', '79.99'),
(87, '976892', '648633', '95', '24.99'),
(88, '544620', '654558', '52', '18.99'),
(89, '476966', '826027', '41', '9.99'),
(90, '663420', '147434', '89', '39.99'),
(91, '944244', '131004', '52', '14.99'),
(92, '185089', '509892', '79', '2.29'),
(93, '180865', '39018', '79', '2.99'),
(94, '513648', '174421', '34', '3.29'),
(95, '585946', '967343', '83', '25'),
(96, '513270', '341791', '77', '79.99'),
(97, '357922', '448227', '63', '3.49'),
(98, '173415', '786077', '26', '4.49'),
(99, '598588', '727790', '77', '3.49'),
(100, '44091', '371763', '80', '14.99');


-- fabricate-flush


INSERT INTO "product" ("product_id", "category_id", "name", "brand", "description", "size", "weight", "current_price", "image_url", "creation_date", "last_updated", "product_type") VALUES
(1, '33', 'Berries Medley', 'Berries Medley', 'A mix of fresh raspberries, blueberries, and blackberries.', '2T', '400', '6.99', 'https://networkadvertising.org/miraretur/ille/sensus.yml?in&adoptionem&d&silano', '2024-04-21 09:01:07', '2024-05-01 05:44:59', 'Automotive'),
(2, '50', 'Portable Dog Water Bottle', 'Portable Dog Water Bottle', 'Convenient water bottle for pets on the go.', 'Small', '141', '18.99', 'https://purevolume.com/sint/opera/studio/labore/meo/enim.html', '2024-04-21 09:05:14', '2024-04-25 12:18:07', 'Sports & Outdoors'),
(3, '33', 'Multi-Layer Food Steamer', 'Multi-Layer Food Steamer', 'Stackable steamers for healthy cooking of vegetables and seafood.', 'King', '472', '39.99', 'http://ucsd.edu/quamquam/te/appellat.rar', '2024-04-21 09:09:21', '2024-04-25 11:57:08', 'Electronics'),
(4, '58', 'Potting Soil', 'Potting Soil', 'Premium potting soil for indoor plants.', 'Cal King', '180', '15.99', 'https://amazon.co.jp/bonorum/voluptatem/ex/quidem.apk?semper&utens&nihil&quieti&videre', '2024-04-21 09:12:40', '2024-05-01 03:05:41', 'Shoes'),
(5, '90', 'Solar Power Bank', 'Solar Power Bank', 'Eco-friendly power bank that charges via sunlight.', 'Large', '413', '39.99', 'https://cam.ac.uk/habere/debemus/desiderare.aac?libidinum&nec', '2024-04-21 09:13:42', '2024-04-30 07:22:02', 'Health & Wellness'),
(6, '64', 'Video Camera', 'Video Camera', '1080p HD video camera with night vision.', '4T', '450', '199', 'https://ucsd.edu/vulgo/res.tsv', '2024-04-21 09:18:20', '2024-04-29 05:01:30', 'Pet Supplies'),
(7, '14', 'Nutritional Yeast', 'Nutritional Yeast', 'A healthy vegan cheese alternative packed with nutrients and flavor.', 'Single', '199', '3.59', 'https://merriam-webster.com/probes/eius/a/quo/dissentias/tenuit.sig?aliquid', '2024-04-21 09:26:30', '2024-04-25 02:03:56', 'Baby Products'),
(8, '31', 'Mediterranean Chickpea Bowl', 'Mediterranean Chickpea Bowl', 'Chickpeas served with olives, feta, and hummus, a healthy meal.', 'Single', '632', '6.49', 'https://taobao.com/affert/conversa.zip?quidem&licebit&iis&existimare&qui', '2024-04-21 09:35:38', '2024-04-30 01:56:19', 'Apparel'),
(9, '71', 'Cushion Covers', 'Cushion Covers', 'Set of decorative cushion covers for home decor.', 'Cal King', '497', '35', 'http://ocn.ne.jp/putent/res/vero/bonas/verbis/adiuvet.bash', '2024-04-21 09:44:55', '2024-04-25 02:11:53', 'Electronics'),
(10, '12', 'Electric Rice Cooker', 'Electric Rice Cooker', 'Multi-function rice cooker for all types of rice recipes.', 'Double', '147', '39.99', 'http://jalbum.net/renovata/delectant/est/autem/platonem.ppt?mente', '2024-04-21 09:50:31', '2024-04-27 23:39:24', 'Toys & Games'),
(11, '91', 'Wireless Keyboard and Mouse Combo', 'Wireless Keyboard and Mouse Combo', 'Compact wireless set for easy computer usability.', '4T', '556', '34.99', 'https://creativecommons.org/fortunae/vel/quibus.mshxml?quae&beatae&vitae&disciplinam', '2024-04-21 09:57:06', '2024-04-29 17:57:10', 'Health & Wellness'),
(12, '50', 'Cheese Stuffed Jalapenos', 'Cheese Stuffed Jalapenos', 'Spicy jalapenos stuffed with cheese, ideal for appetizers.', 'Single', '248', '5.99', 'http://discovery.com/nec/ea/ipsa/quae/tibi/se.apk?quia&dolor&sit', '2024-04-21 09:58:56', '2024-04-30 06:12:03', 'Baby Products'),
(13, '54', 'Portable Solar Path Lights', 'Portable Solar Path Lights', 'Eco-friendly solar lights for pathways and gardens.', 'X-Small', '919', '39.99', 'https://slate.com/numquid/noster.db?parum', '2024-04-21 10:04:43', '2024-04-24 14:28:11', 'Pet Supplies'),
(14, '49', 'Stainless Steel Straws', 'Stainless Steel Straws', 'Set of reusable stainless steel straws for drinks.', 'Double', '995', '12.99', 'https://canalblog.com/et/.odg', '2024-04-21 10:11:03', '2024-04-22 18:35:18', 'Baby Products'),
(15, '89', 'Chocolate Hazelnut Spread', 'Chocolate Hazelnut Spread', 'A creamy spread made with chocolate and hazelnuts, perfect for toast.', 'King', '794', '5.99', 'https://purevolume.com/bonum/parendum.js', '2024-04-21 10:19:58', '2024-04-30 02:51:20', 'Pet Supplies'),
(16, '86', 'Graphic Print Leggings', 'Graphic Print Leggings', 'Trendy leggings with a unique graphic print, versatile for workouts and casual wear.', '7-8', '821', '29.99', 'https://reuters.com/firmitatem/animi/modo.msh1xml?contra', '2024-04-21 10:26:12', '2024-04-21 23:20:12', 'Automotive'),
(17, '37', 'Hot Dog Buns', 'Hot Dog Buns', 'Soft buns perfect for stuffing with your favorite hot dogs.', 'Extra Large', '871', '2.49', 'http://taobao.com/qui/satis/sibi/contra/hominum/quae.rar?mihi&legendam', '2024-04-21 10:30:31', '2024-04-26 19:08:06', 'Health & Wellness'),
(18, '78', 'Floral Summer Dress', 'Floral Summer Dress', 'Light and breezy dress perfect for summer outings with a vibrant floral pattern.', '9-10', '522', '39.99', 'https://va.gov/hoc/institutionem/omnino/amicitiae/non/quidem.torrent', '2024-04-21 10:33:19', '2024-04-29 05:20:16', 'Baby Products'),
(19, '45', 'Spicy Garlic Edamame', 'Spicy Garlic Edamame', 'Steamed edamame tossed in a spicy garlic sauce, great for snacking.', 'One Size', '411', '3.99', 'https://flavors.me/si/non/habeat/ii.p12?probarentur&si', '2024-04-21 10:40:26', '2024-04-29 03:44:05', 'Books'),
(20, '25', 'Adjustable Height Standing Desk Converter', 'Adjustable Height Standing Desk Converter', 'Convert your desk to a standing desk easily.', 'X-Small', '634', '89.99', 'https://baidu.com/disciplinam/iuvaret/e.jpeg?ne&quod&aut&sempiternum', '2024-04-21 10:47:50', '2024-04-27 20:44:33', 'Pet Supplies'),
(21, '74', 'Pressure Washer Accessories Kit', 'Pressure Washer Accessories Kit', 'Essential attachments for pressure washing.', '7-8', '446', '39.99', 'https://odnoklassniki.ru/civium/et/tamen/nulli.md?rerum&in&sensibus', '2024-04-21 10:55:39', '2024-04-24 16:07:37', 'Apparel'),
(22, '37', 'Magnetic Screen Door', 'Magnetic Screen Door', 'Keep bugs out while allowing fresh air in during summer.', '3T', '375', '24.99', 'https://dailymail.co.uk/tamen/ne/faciam/qui.aac', '2024-04-21 11:01:10', '2024-04-28 16:43:35', 'Shoes'),
(23, '47', 'Sweet Corn Fritters', 'Sweet Corn Fritters', 'Golden-brown fritters made with sweet corn.', 'Junior', '691', '4.49', 'https://dedecms.com/iucunde/vivere/reddidisti.sql', '2024-04-21 11:03:14', '2024-04-30 05:32:22', 'Automotive'),
(24, '82', 'Adjustable Laptop Desk', 'Adjustable Laptop Desk', 'Portable desk that can be adjusted for sitting or standing.', 'Twin', '636', '59.99', 'https://wikipedia.org/rationem/amicitiae/ipsa.csv?audire&enim&cupio&quid', '2024-04-21 11:10:40', '2024-04-30 13:56:11', 'Sports & Outdoors'),
(25, '4', 'Faux Fur Coat', 'Faux Fur Coat', 'A luxurious faux fur coat that adds glamour to any outfit.', 'Extra Large', '650', '129.99', 'https://abc.net.au/non/possunt/conficiuntur/perinde.iso', '2024-04-21 11:17:25', '2024-04-28 00:46:50', 'Home & Kitchen'),
(26, '53', 'Pet Nail Clipper', 'Pet Nail Clipper', 'Safe and easy-to-use nail clippers for pets.', 'Double', '834', '12.99', 'https://ovh.net/latinis/tertio/consulatu/ut.img?obligantur&qui&autem&ita&frui', '2024-04-21 11:19:46', '2024-04-28 04:27:10', 'Shoes'),
(27, '61', 'Desk Lamp with USB Port', 'Desk Lamp with USB Port', 'Modern desk lamp that features a built-in USB charging port.', 'Single', '779', '29.99', 'http://theguardian.com/illum/ab/industria/ex.pem?et', '2024-04-21 11:22:48', '2024-04-25 06:43:04', 'Health & Wellness'),
(28, '89', 'Kids'' Craft Supplies Set', 'Kids'' Craft Supplies Set', 'Variety pack of craft supplies for kids'' projects.', 'Extra Large', '391', '24.99', 'https://princeton.edu/voluptate/a/meque/ei/natura.odt?cupidatat', '2024-04-21 11:25:44', '2024-04-30 23:20:19', 'Books'),
(29, '61', 'Coconut Bowls Set', 'Coconut Bowls Set', 'Handmade eco-friendly bowls made from real coconuts.', 'Small', '738', '22.99', 'https://pagesperso-orange.fr/quas/natura/non/depravata/desiderat/quos.rtf', '2024-04-21 11:28:30', '2024-04-30 23:45:04', 'Home & Kitchen'),
(30, '18', 'Safety First Aid Kit', 'Safety First Aid Kit', 'Comprehensive first aid kit for home or travel emergencies.', '3T', '102', '29.99', 'https://epa.gov/oblivione/obruamus/et/sapientium.zip?summum&bonum&consequamur&clamat&epicurus', '2024-04-21 11:31:01', '2024-04-24 02:28:34', 'Books'),
(31, '7', 'Smartphone Gimbal Stabilizer', 'Smartphone Gimbal Stabilizer', 'Stabilizer for smooth video recording with smartphones.', '7-8', '630', '89.99', 'https://nytimes.com/num/in.img?est', '2024-04-21 11:32:24', '2024-04-29 16:36:16', 'Toys & Games'),
(32, '50', 'French Bread', 'French Bread', 'Freshly baked French baguette, perfect for dipping.', 'King', '174', '2.49', 'https://mysql.com/studium/tamque/multam/operam/ponendam/malarum.jpg?transferre&in&voluptatem&ut', '2024-04-21 11:41:22', '2024-04-29 21:49:38', 'Toys & Games'),
(33, '34', 'Self-Cleaning Cat Litter Box', 'Self-Cleaning Cat Litter Box', 'Automated litter box that cleans itself after each use.', 'XX-Large', '605', '199.99', 'https://smugmug.com/sit/a/dolore/corporis/canes.rpm?factis&et&moribus', '2024-04-21 11:44:00', '2024-05-01 09:42:31', 'Books'),
(34, '31', 'Adjustable Kneeling Pad', 'Adjustable Kneeling Pad', 'Comfortable kneeling pad for gardening or home projects.', 'XX-Large', '934', '18.99', 'https://w3.org/modo/ait.tar?quem&praeclare&scaevola', '2024-04-21 11:45:17', '2024-04-27 12:48:15', 'Sports & Outdoors'),
(35, '87', 'Frozen Acai Pure', 'Frozen Acai Pure', 'Unsweetened frozen acai pure for smoothies and bowls.', 'Twin', '484', '6.99', 'https://goodreads.com/autem/hanc/voluptatibus.jpg', '2024-04-21 11:48:49', '2024-04-25 06:34:03', 'Health & Wellness'),
(36, '72', 'Board Game', 'Board Game', 'Strategic board game for family game nights.', 'One Size', '417', '34.99', 'http://yahoo.co.jp/officii/partem/omnis.csv', '2024-04-21 11:50:09', '2024-04-24 20:50:33', 'Office Supplies'),
(37, '61', 'Smart Plant Monitor', 'Smart Plant Monitor', 'Device that tracks soil moisture and provides care tips.', 'Junior', '69', '24.99', 'https://twitpic.com/inquit/explicatis.asc', '2024-04-21 11:53:23', '2024-04-25 11:05:16', 'Beauty & Personal Care'),
(38, '33', 'Eco-Friendly Disposable Plates', 'Eco-Friendly Disposable Plates', 'Compostable plates suitable for various occasions.', 'Full', '740', '22.99', 'http://soup.io/eo/est/propter.pem?sicut&nostrum&triarium&minus', '2024-04-21 11:59:01', '2024-04-28 23:38:06', 'Grocery'),
(39, '91', 'Car Trash Can', 'Car Trash Can', 'Compact trash can for keeping your car clean.', 'Extra Large', '603', '12.99', 'https://nsw.gov.au/consedit/hoc/ipso/inesse.css', '2024-04-21 12:03:04', '2024-04-25 19:51:35', 'Office Supplies'),
(40, '22', 'Wireless Gaming Headset', 'Wireless Gaming Headset', 'Comfortable headset with surround sound for immersive gaming.', 'Medium', '682', '89.99', 'https://list-manage.com/dicat/ille/quod.accdb?autem&nusquam&hoc', '2024-04-21 12:05:12', '2024-04-22 06:43:12', 'Home & Kitchen'),
(41, '40', 'Rice Pudding', 'Rice Pudding', 'Creamy dessert made with rice and cinnamon.', '4T', '234', '2.29', 'https://delicious.com/natura/postulet/non/imagines.xml?quis&autem&vel&eum', '2024-04-21 12:11:50', '2024-04-23 11:19:47', 'Pet Supplies'),
(42, '4', 'Chocolate Dipped Fruit', 'Chocolate Dipped Fruit', 'Fruits dipped in rich chocolate, perfect for desserts.', '7-8', '317', '5.99', 'https://t.co/consequi/nisi/in/voluptatis/potius.cer?procedat&oratio', '2024-04-21 12:16:15', '2024-04-29 23:10:02', 'Pet Supplies'),
(43, '17', 'Skincare Fridge', 'Skincare Fridge', 'Small fridge designed to keep skincare products cool and fresh.', '2T', '199', '39.99', 'https://buzzfeed.com/de/una/voluptate/quaeri/de/metum.xml?corporis', '2024-04-21 12:18:38', '2024-04-27 16:14:46', 'Books'),
(44, '33', 'Blue Denim Jeans', 'Blue Denim Jeans', 'Classic fit blue jeans with a slight stretch for comfort and durability.', 'Single', '694', '49.99', 'https://tmall.com/ita/dicam/sit.pdf?successerit&at&contra', '2024-04-21 12:27:06', '2024-04-30 10:46:25', 'Pet Supplies'),
(45, '41', 'Wild Rice Pilaf', 'Wild Rice Pilaf', 'A mix of wild rice with herbs and spices, ready to serve.', '4T', '749', '3.79', 'https://bluehost.com/malum/quae/infinitum.lnk?stulti&autem', '2024-04-21 12:35:05', '2024-04-23 10:11:26', 'Beauty & Personal Care'),
(46, '17', 'Portable Bluetooth Headphones', 'Portable Bluetooth Headphones', 'Wireless headphones with noise-canceling features.', 'Large', '746', '79.99', 'https://huffingtonpost.com/quidem/virtutum/laus/in/qua/in.html?feci&adhuc&nec', '2024-04-21 12:41:41', '2024-04-27 05:19:14', 'Home & Kitchen'),
(47, '22', 'Sustainable Wooden Toys', 'Sustainable Wooden Toys', 'Eco-friendly toys for learning and imaginative play.', '9-10', '488', '29.99', 'https://pagesperso-orange.fr/atomis/explicari.mp4?rebus&peccant', '2024-04-21 12:48:53', '2024-04-30 23:31:06', 'Home & Kitchen'),
(48, '29', 'Blender Bottle', 'Blender Bottle', 'Portable mixer bottle for smoothies and protein shakes.', 'Full', '11', '12.99', 'https://yellowbook.com/nam/ut/terentianus/et.asp?patrius&cum&idem', '2024-04-21 12:50:53', '2024-04-27 08:25:15', 'Electronics'),
(49, '19', 'Portable Charcoal Grill', 'Portable Charcoal Grill', 'Compact charcoal grill perfect for tailgating.', 'Single', '179', '89.99', 'https://issuu.com/late/patet/in/ea.crt', '2024-04-21 12:53:32', '2024-04-22 18:12:31', 'Automotive'),
(50, '17', 'Californian Raisins', 'Californian Raisins', 'Sweet dried raisins, perfect for snacks or baking.', 'Twin', '480', '3.19', 'http://umich.edu/censet/autem.cer?delicata&mollis&habeatur', '2024-04-21 12:57:55', '2024-04-24 00:03:38', 'Sports & Outdoors'),
(51, '95', 'Tennis Racket', 'Tennis Racket', 'Lightweight tennis racket for beginners and advanced players.', 'Single', '300', '89.99', 'https://istockphoto.com/intellegentium/nihil/dolendum/acuti.mshxml', '2024-04-21 13:06:54', '2024-04-22 09:56:05', 'Shoes'),
(52, '18', 'Faux Fur Coat', 'Faux Fur Coat', 'A luxurious faux fur coat that adds glamour to any outfit.', '2T', '825', '129.99', 'https://army.mil/habuit/voluptatem/cum/igitur.xml?itaque&aiunt&hanc&quasi&naturalem', '2024-04-21 13:08:01', '2024-04-24 21:12:48', 'Grocery'),
(53, '28', 'Pet Bed with Removable Cover', 'Pet Bed with Removable Cover', 'Comfy pet bed with washable cover for easy cleaning.', '4T', '668', '49.99', 'https://yellowbook.com/dolore/sed/in/his/rebus/aliquando.gpg', '2024-04-21 13:17:11', '2024-04-24 18:52:00', 'Sports & Outdoors'),
(54, '57', 'Vintage Graphic Tee', 'Vintage Graphic Tee', 'Retro-style graphic tee with a soft wash for a vintage feel.', 'Full', '896', '25.99', 'https://bizjournals.com/fortasse/dictum.yml?quodsi', '2024-04-21 13:25:52', '2024-04-30 01:37:19', 'Health & Wellness'),
(55, '81', 'Manual Coffee Grinder', 'Manual Coffee Grinder', 'Compact coffee grinder for fresh ground coffee beans.', 'King', '513', '22.99', 'https://bloglovin.com/asperum/nisi/dolorem/de/deinde.docx', '2024-04-21 13:29:36', '2024-04-23 00:16:49', 'Books'),
(56, '63', 'Educational STEM Kit', 'Educational STEM Kit', 'Hands-on experience with science and engineering projects.', 'Queen', '1', '35.99', 'https://prweb.com/vitam/iis.mkv?cum&praesertim', '2024-04-21 13:38:05', '2024-04-24 08:39:31', 'Health & Wellness'),
(57, '26', 'Relaxed Fit Henley Shirt', 'Relaxed Fit Henley Shirt', 'A comfortable henley shirt made of soft cotton, perfect for casual outings.', 'Large', '460', '29.99', 'https://discuz.net/consequatur/vel/illum/est.p12?quae&cum', '2024-04-21 13:47:01', '2024-04-26 18:17:46', 'Beauty & Personal Care'),
(58, '11', 'Sweet Cherry Tomatoes', 'Sweet Cherry Tomatoes', 'Fresh and juicy cherry tomatoes for salads and snacking.', '9-10', '336', '2.99', 'http://acquirethisname.com/nisi/aeque/diligenter.dmg?delectamur&cum&scribimus&quis&est', '2024-04-21 13:53:42', '2024-04-28 12:08:41', 'Office Supplies'),
(59, '35', 'Fleece Hoodie', 'Fleece Hoodie', 'Ultra-soft fleece hoodie for warmth and comfort during chilly days.', 'Double', '230', '39.99', 'https://berkeley.edu/se/libidinibus/accedunt.yml?effugiendorum&gratia', '2024-04-21 13:58:16', '2024-04-29 07:07:39', 'Health & Wellness'),
(60, '89', 'Silicone Cooking Utensils Set', 'Silicone Cooking Utensils Set', 'Non-stick and heat-resistant utensils for cooking.', '9-10', '684', '34.99', 'https://walmart.com/inmensae/et/eosdem.htm', '2024-04-21 14:06:58', '2024-04-24 09:40:15', 'Apparel'),
(61, '3', 'Deluxe First Aid Kit', 'Deluxe First Aid Kit', 'Comprehensive first aid kit for home and travel.', 'One Size', '245', '39.99', 'http://goo.gl/sententiae/falli/igitur.txt?tenebimus&servata&illa&quae&quasi', '2024-04-21 14:11:27', '2024-04-25 08:32:51', 'Beauty & Personal Care'),
(62, '96', 'Chiffon Blouse', 'Chiffon Blouse', 'Elegant chiffon blouse perfect for work or outings.', 'XX-Large', '747', '39.99', 'https://flickr.com/inprobitas/praesentibus.xz?scriptum&est&et&expedita&distinctio', '2024-04-21 14:13:34', '2024-04-27 06:31:36', 'Apparel'),
(63, '84', 'Energy Protein Bars', 'Energy Protein Bars', 'Nutritious bars packed with protein for energy', 'Full', '358', '2.29', 'https://tmall.com/est/canes.sql?comparat&magna&afficitur&voluptate&dolores', '2024-04-21 14:14:37', '2024-04-28 03:22:49', 'Office Supplies'),
(64, '3', 'Peach Green Tea', 'Peach Green Tea', 'Refreshing green tea infused with peach, perfect for a hot day.', 'Twin', '939', '3.49', 'https://behance.net/ut/potione.exe?multi&etiam&ut&te&consule', '2024-04-21 14:24:30', '2024-04-25 07:51:54', 'Grocery'),
(65, '15', 'Pet Nail Clipper', 'Pet Nail Clipper', 'Safe and easy-to-use nail clippers for pets.', 'Full', '430', '12.99', 'https://shinystat.com/peccandi/quae/enim/cupiditates/a/ut.ppt?gravis', '2024-04-21 14:28:18', '2024-04-24 02:26:28', 'Jewelry'),
(66, '22', 'Herb Seasoned Croutons', 'Herb Seasoned Croutons', 'Crunchy croutons with a blend of herbs for salads.', '7-8', '108', '2.99', 'https://moonfruit.com/potest/quodsi/vitam/omnem/aliquem.accdb?meo&doctiores&cives&mei&nec', '2024-04-21 14:34:10', '2024-04-23 12:48:41', 'Home & Kitchen'),
(67, '90', 'Athletic Sports Bra', 'Athletic Sports Bra', 'Supportive sports bra designed for high-impact workouts, made with moisture-wicking fabric.', 'Queen', '517', '24.99', 'https://ihg.com/liberalitati/magis/conveniunt/qua/memoria.tsv?dolore', '2024-04-21 14:35:56', '2024-04-29 01:13:45', 'Health & Wellness'),
(68, '15', 'Smart Air Purifier', 'Smart Air Purifier', 'Filters allergens and pollutants from the air for a healthier home.', '4T', '928', '199.99', 'https://nasa.gov/ratione/compositis/quid/est/cur/maxime.mdf?usus&civium&non&inutile', '2024-04-21 14:37:19', '2024-04-29 21:18:41', 'Sports & Outdoors'),
(69, '11', 'Animal Paw Print Soap Dispenser', 'Animal Paw Print Soap Dispenser', 'Cute dispenser for bathrooms or kitchens featuring paw prints.', '9-10', '716', '16.99', 'https://google.it/summam/voluptatem/exultat.txt?et', '2024-04-21 14:45:29', '2024-05-01 13:59:16', 'Pet Supplies'),
(70, '86', 'Slim Wallet', 'Slim Wallet', 'RFID-blocking slim wallet for cards and cash.', '9-10', '48', '24.99', 'https://google.cn/neque/laborum/perfunctio/neque/vi.crt?fugiat&ut&extremum', '2024-04-21 14:49:48', '2024-04-26 12:31:09', 'Health & Wellness'),
(71, '52', 'Lemon Dill Salmon', 'Lemon Dill Salmon', 'Salmon fillets seasoned with lemon and dill, perfect for grilling.', 'One Size', '824', '9.99', 'http://smh.com.au/is/quem/vos/afflueret.vcd?reiciat', '2024-04-21 14:57:48', '2024-05-01 13:42:58', 'Sports & Outdoors'),
(72, '31', 'Home Office Chair', 'Home Office Chair', 'Ergonomic office chair with lumbar support and adjustable height.', '2T', '852', '199.99', 'https://symantec.com/quorum/nihil/esse.ogg?seiungi&non&potest', '2024-04-21 15:07:34', '2024-04-22 06:06:25', 'Home & Kitchen'),
(73, '68', 'Spicy Thai Coconut Soup', 'Spicy Thai Coconut Soup', 'A ready-to-eat soup with coconut milk, spices, and vegetables.', '4T', '945', '3.99', 'https://webnode.com/notionem/ut/ita.xhtml?conturbamur&ignoratione&rerum', '2024-04-21 15:16:36', '2024-04-24 17:26:55', 'Apparel'),
(74, '96', 'Smart Fitness Scale', 'Smart Fitness Scale', 'Bluetooth scale that tracks body composition through an app.', '2T', '556', '49.99', 'https://dmoz.org/dolorum/fuga/et/consilio.odg?illa&atomorum&in', '2024-04-21 15:19:39', '2024-04-23 08:13:55', 'Home & Kitchen'),
(75, '93', 'Electric Air Pump', 'Electric Air Pump', 'Fast and convenient air pump for inflating toys and furniture.', 'Double', '904', '29.99', 'https://pen.io/erat/in/utroque/credo.cer?iucunditas&impeditur&quanto&magis', '2024-04-21 15:27:16', '2024-04-26 14:25:51', 'Toys & Games'),
(76, '13', 'Active Racerback Tank', 'Active Racerback Tank', 'Lightweight and moisture-wicking racerback tank for workouts.', '2T', '985', '24.99', 'https://studiopress.com/metus/celeritas.csr?neque&perpessio', '2024-04-21 15:35:53', '2024-04-25 08:18:16', 'Office Supplies'),
(77, '47', 'Cinnamon Rolls', 'Cinnamon Rolls', 'Sweet and gooey cinnamon rolls, ready to bake.', 'XX-Large', '856', '4.49', 'https://marketwatch.com/ab/inquam.log?necessarius&de&amicitia', '2024-04-21 15:40:59', '2024-04-28 16:07:19', 'Pet Supplies'),
(78, '96', 'Herbal Tea Set', 'Herbal Tea Set', 'Assorted herbal tea bags for relaxation and wellness.', 'King', '207', '19.99', 'https://posterous.com/in/physicis/haec.rpm?formidines&denique&etiam&morati', '2024-04-21 15:49:29', '2024-04-22 00:08:27', 'Office Supplies'),
(79, '87', 'Portable Laptop Table', 'Portable Laptop Table', 'Foldable table for working with laptops anywhere.', 'Large', '897', '39.99', 'https://furl.net/sit/erit/nostrum.7z', '2024-04-21 15:54:29', '2024-04-29 19:01:37', 'Toys & Games'),
(80, '10', 'Roasted Sweet Corn', 'Roasted Sweet Corn', 'Sweet corn roasted to perfection for a delightful side.', '3T', '896', '1.99', 'https://imdb.com/physici/ab.ps1', '2024-04-21 15:56:44', '2024-04-23 08:03:53', 'Health & Wellness'),
(81, '58', 'Chicken Breasts', 'Chicken Breasts', 'Juicy and tender boneless chicken breasts.', 'X-Small', '339', '9.99', 'https://shop-pro.jp/philosophia/tum/quo.wav?nec&fortitudinem&patientiamque&laudari', '2024-04-21 16:00:00', '2024-04-22 12:59:36', 'Office Supplies'),
(82, '64', 'Herbal Tea Set', 'Herbal Tea Set', 'Assorted herbal tea bags for relaxation and wellness.', '9-10', '109', '19.99', 'https://e-recht24.de/ita/dicam/leniat.asc?possum&ut', '2024-04-21 16:08:59', '2024-04-22 09:39:33', 'Shoes'),
(83, '27', 'Paprika', 'Paprika', 'Rich and sweet paprika spice for seasoning.', 'Double', '185', '1.79', 'https://nps.gov/ego/autem/quem/scribentur.mdb?in&dolore&sed&in&his', '2024-04-21 16:16:14', '2024-04-26 07:23:37', 'Jewelry'),
(84, '37', 'Organic Quinoa', 'Organic Quinoa', 'Nutritious organic quinoa for salads or sides', 'Full', '518', '4.29', 'http://last.fm/illa/torquatis/numquam/hoc/ita/vel.toml?quid&faciendum', '2024-04-21 16:22:14', '2024-04-24 09:11:02', 'Apparel'),
(85, '43', 'Eco-Friendly Yoga Blocks', 'Eco-Friendly Yoga Blocks', 'Sustainable foam blocks for yoga practice.', 'X-Small', '393', '15.99', 'https://cdc.gov/autem/esse.pdf', '2024-04-21 16:27:05', '2024-04-23 04:51:27', 'Toys & Games'),
(86, '98', 'Decorative Throw Pillows', 'Decorative Throw Pillows', 'Set of stylish throw pillows for home decor.', 'Full', '671', '29.99', 'http://bbc.co.uk/esse/vivendo.psm1?delectari', '2024-04-21 16:30:25', '2024-05-01 14:09:44', 'Pet Supplies'),
(87, '15', 'Coconut Flakes', 'Coconut Flakes', 'Unsweetened coconut flakes for baking and topping.', '9-10', '177', '3.29', 'https://who.int/dicent/ab/aegritudines.csv?totam', '2024-04-21 16:38:53', '2024-04-27 05:36:47', 'Toys & Games'),
(88, '28', 'Shoe Organizer', 'Shoe Organizer', 'Vertical shoe rack for saving closet space.', 'Extra Large', '516', '39.99', 'https://theglobeandmail.com/plena/sit/ratio/ipsa/monet/quamquam.mdb?ex&infinito&tempore', '2024-04-21 16:42:23', '2024-04-30 03:38:27', 'Beauty & Personal Care'),
(89, '37', 'Pet Hair Vacuum Attachment', 'Pet Hair Vacuum Attachment', 'Special attachment for vacuum cleaners to remove pet hair easily.', '2T', '238', '14.99', 'https://friendfeed.com/indignae/philosophia/mihi/videri/solent/causa.php?est&desiderat&&nihil', '2024-04-21 16:47:02', '2024-04-26 18:30:42', 'Grocery'),
(90, '82', 'Pest Control Traps', 'Pest Control Traps', 'Non-toxic traps for catching household pests safely.', 'X-Small', '13', '22.99', 'http://examiner.com/dolorem/etiam/quem/optimus/bella.bz2?quo&a&nobis&sic&intelleges', '2024-04-21 16:54:36', '2024-04-22 09:23:34', 'Books'),
(91, '43', 'Self-Adhesive Wallpaper', 'Self-Adhesive Wallpaper', 'Peel and stick wallpaper for easy home decor changes.', 'Queen', '217', '34.99', 'https://bloomberg.com/videor/praesidium/in/dirigentur.mds?virtutes', '2024-04-21 17:01:47', '2024-04-30 20:51:38', 'Sports & Outdoors'),
(92, '41', 'Travel Sewing Kit', 'Travel Sewing Kit', 'Compact sewing kit for travel emergencies.', 'Full', '225', '12.99', 'https://google.cn/nihil/impedit/factorum.wmv?est&omnis&rectas&res', '2024-04-21 17:10:58', '2024-04-30 14:17:22', 'Office Supplies'),
(93, '22', 'Vegetarian Chili', 'Vegetarian Chili', 'Hearty chili made with beans and vegetables, a savory meal option.', 'Medium', '417', '3.99', 'http://slashdot.org/animi/morbis/provident.scf?seiungi&non&potest&atque', '2024-04-21 17:18:52', '2024-04-25 17:44:08', 'Shoes'),
(94, '5', 'Electric Heat Pad', 'Electric Heat Pad', 'Microwaveable heat pad for soothing muscle aches.', 'XX-Large', '748', '24.99', 'https://purevolume.com/provincias/atomis/dare/quae/recte/tum.html?audiebamus&conferebamus&neque&erat&umquam', '2024-04-21 17:27:18', '2024-04-29 18:43:47', 'Sports & Outdoors'),
(95, '12', 'Honey Mustard Dip', 'Honey Mustard Dip', 'Sweet and tangy honey mustard dip for snacks.', 'Junior', '466', '3.29', 'https://tripod.com/et/negent/voluptatem.odp?appareat&doctrina', '2024-04-21 17:31:05', '2024-04-26 22:49:19', 'Books'),
(96, '96', 'Caramelized Onion Dip Mix', 'Caramelized Onion Dip Mix', 'A mix to create a delicious onion dip for parties or snacking.', 'Cal King', '331', '2.29', 'https://ow.ly/domo/careret.rar?esse&numquam&potest&praeterea', '2024-04-21 17:34:00', '2024-04-29 16:14:03', 'Jewelry'),
(97, '2', 'Aged White Cheddar Popcorn', 'Aged White Cheddar Popcorn', 'Light and fluffy popcorn coated in aged white cheddar.', 'X-Small', '177', '2.99', 'http://artisteer.com/et/urbane/stoicos/est.jpeg', '2024-04-21 17:39:33', '2024-04-23 03:32:19', 'Shoes'),
(98, '88', 'Running Shorts', 'Running Shorts', 'Lightweight and breathable running shorts for your workouts.', 'XX-Large', '943', '34.99', 'https://shutterfly.com/diceret/sed.bz2?ut&omne', '2024-04-21 17:46:29', '2024-04-28 00:13:46', 'Office Supplies'),
(99, '67', 'Fresh Cilantro', 'Fresh Cilantro', 'Bright and fragrant cilantro, great for garnishes.', 'Twin', '258', '1.49', 'https://infoseek.co.jp/mihi/non/aeque/satisfacit/et/.gz?an&me&inquam', '2024-04-21 17:49:53', '2024-04-23 17:31:12', 'Jewelry'),
(100, '15', 'Spicy Italian Sausage', 'Spicy Italian Sausage', 'Savory sausage with a blend of spices, perfect for pasta dishes.', 'Single', '370', '4.99', 'http://cbc.ca/ultimum/nec/quorum.ogg', '2024-04-21 17:58:45', '2024-04-22 00:40:35', 'Grocery');


-- fabricate-flush


INSERT INTO "productcategory" ("category_id", "category_name", "description") VALUES
(1, 'Art & Craft Supplies', 'Autem mirari satis non queo unde hoc sit tam insolens.'),
(2, 'Pet Supplies', 'Arbitror unum vidisse verum maximisque erroribus animos hominum liberavisse et.'),
(3, 'Toys & Games', 'Iis existimare, qui legerint. Nos autem hanc omnem quaestionem de finibus bonorum et malorum, id est quo melius viveremus, eas ergo artes persequeretur, vivendi artem tantam tamque et operosam et perinde fructuosam relinqueret? Non ergo Epicurus ineruditus, sed ii indocti, qui, quae pueros non didicisse turpe est, ea putant usque ad senectutem.'),
(4, 'Video Games', 'Et laetamur amicorum laetitia aeque atque nostra et pariter dolemus angoribus. Quocirca eodem modo sapiens erit affectus erga amicum, quo in se ipsum, quosque labores propter suam voluptatem susciperet, eosdem suscipiet propter amici voluptatem. Quaeque de virtutibus dicta sunt, explicabo. Nemo enim ipsam voluptatem, quia voluptas sit, aspernatur aut odit aut fugit.'),
(5, 'Toys & Games', 'Causa eripuit atomis nec tamen.'),
(6, 'Health & Beauty', 'Modis video esse a nostris non legantur? Quamquam, si plane sic verterem Platonem aut Aristotelem, ut verterunt nostri poetae fabulas.'),
(7, 'Office Supplies', 'Eae se foris solum iactant nec.'),
(8, 'Clothing', 'Video esse a nostris non legantur? Quamquam, si plane sic verterem Platonem aut Aristotelem, ut verterunt nostri poetae fabulas, male, credo, mererer de meis civibus, si ad eorum cognitionem divina illa ingenia transferrem. Sed id neque feci adhuc nec mihi tamen, ne faciam, interdictum.'),
(9, 'Health & Beauty', 'Est una, quae maestitiam pellat ex animis, quae nos vocet.'),
(10, 'Toys & Games', 'Quid enim me prohiberet Epicureum esse, si probarem, quae ille diceret?'),
(11, 'Automotive', 'Locos quidem quosdam, si videbitur, transferam, et maxime ab iis, quos ego posse iudicare arbitrarer, plura suscepi veritus ne movere hominum studia viderer, retinere non posse. Qui autem.'),
(12, 'Music & Instruments', 'Omne animal, simul atque natum sit, voluptatem appetere eaque gaudere ut summo bono, dolorem aspernari ut summum malum.'),
(13, 'Grocery & Gourmet', 'Summum esse bonum quicquam nisi nescio quam illam umbram, quod appellant honestum non tam id reprehendunt, si remissius agatur, sed tantum.'),
(14, 'Automotive', 'Ancillae sitne in fructu habendus, disseretur inter principes civitatis, P. Scaevolam.'),
(15, 'Baby Products', 'Quam illam umbram, quod appellant honestum non tam solido quam splendido nomine, virtutem autem nixam hoc honesto nullam.'),
(16, 'Grocery & Gourmet', 'Didicisse turpe est, ea putant usque ad senectutem esse discenda. Quae.'),
(17, 'Sports & Outdoors', 'Esse debent, quod et acutum genus est et ab Epicuro sapiens semper beatus inducitur: finitas habet cupiditates, neglegit mortem, de diis.'),
(18, 'Furniture', 'Intemperantiam propter se ipsos amentur. Etenim si delectamur, cum scribimus, quis est tam invidus, qui ab eo nos abducat? Sin laboramus, quis est, qui Ennii Medeam aut Antiopam Pacuvii spernat aut reiciat, quod se isdem Euripidis fabulis delectari dicat, Latinas litteras oderit? Synephebos ego, inquit, potius Caecilii aut Andriam Terentii quam utramque.'),
(19, 'Clothing', 'Ut atomus altera alteram posset attingere itaque ** attulit rem commenticiam: declinare dixit atomum perpaulum.'),
(20, 'Pet Supplies', 'Ac fieri potest, ut propemodum iustioribus utamur illis, qui omnino avocent a philosophia, quam his, qui rebus infinitis modum constituant.'),
(21, 'Video Games', 'Ille bene noris. Nisi mihi Phaedrum, inquam, tu mentitum aut Zenonem putas, quorum utrumque audivi, cum miraretur ille quidem utrumque.'),
(22, 'Jewelry & Accessories', 'Graeci telos nominant --, quod ipsum nullam ad aliam rem, ad id omnia referri oporteat, ipsum autem nusquam. Hoc Epicurus in voluptate ponit, quod summum bonum esse vult, summumque malum dolorem, idque instituit docere sic: Omne animal, simul atque natum sit, voluptatem appetere eaque gaudere ut summo bono, dolorem aspernari ut summum.'),
(23, 'Toys & Games', 'Veniat in medium Epicuri ratio, quae plerisque notissima est. Quam a nobis philosophia defensa et collaudata est, cum id, quod quaeritur, sit pulcherrimum. Etenim si loca, si fana, si urbes, si gymnasia, si campum, si canes, si equos, si ludicra exercendi aut venandi consuetudine adamare solemus, quanto id in hominum consuetudine facilius.'),
(24, 'Pet Supplies', 'Ob eamque debilitatem animi multi parentes, multi.'),
(25, 'Books', 'Paene e philosophorum choro sustulisti. Quid ei reliquisti, nisi te, quoquo modo loqueretur, intellegere, quid diceret? Aliena dixit.'),
(26, 'Grocery & Gourmet', 'Sit, accedere? Statue contra aliquem confectum tantis animi corporisque doloribus, quanti in hominem maximi cadere possunt, nulla spe proposita fore levius.'),
(27, 'Home & Kitchen', 'Auctori huius disciplinae placet: constituam, quid et quale sit id, de quo quaerimus, non quo modo efficiatur concludaturque ratio tradit, non qua via captiosa solvantur ambigua distinguantur.'),
(28, 'Grocery & Gourmet', 'Facilis est et expedita distinctio. Nam libero tempore, cum soluta nobis est eligendi optio, cumque nihil impedit, quo.'),
(29, 'Clothing', 'Saepe rem publicam. Ex cupiditatibus odia, discidia, discordiae, seditiones, bella.'),
(30, 'Automotive', 'Esse his litteris arbitramur, in quibus, quantum potuimus, non modo voluptatem.'),
(31, 'Books', 'Idem etiam dolorem saepe perpetiuntur, ne, si amicitiam propter nostram voluptatem expetendam putemus, tota amicitia quasi claudicare videatur. Itaque primos congressus copulationesque et consuetudinum instituendarum voluntates fieri propter voluptatem; quod vero securi percussit filium, privavisse se etiam videtur multis voluptatibus, cum ipsi naturae patrioque.'),
(32, 'Music & Instruments', 'Omne iudicium veri et falsi putat. Confirmat autem illud vel maxime, quod ipsa natura incorrupte atque integre iudicante. Itaque negat opus esse ratione neque disputatione, quam ob rem voluptas expetenda, fugiendus dolor sit. Sentiri haec putat.'),
(33, 'Tools & Hardware', 'Vel elegantis ornatus defuit? Ego vero, quoniam forensibus.'),
(34, 'Furniture', 'A dolore. Quod cum ita esset affecta, secundum non recte, si voluptas summum sit bonum, affirmatis.'),
(35, 'Automotive', 'Cognitionem omnium, regula, ad quam omnia iudicia rerum in sensibus ponit, quibus si semel aliquid falsi pro vero probatum sit, sublatum esse omne iudicium veri et falsi putat. Confirmat autem illud vel maxime, quod ipsa natura incorrupte atque integre iudicante. Itaque negat opus esse ratione neque disputatione, quam ob rem dissentientium inter.'),
(36, 'Office Supplies', 'Mnesarchum, Panaetium, multos alios in primisque familiarem nostrum Posidonium. Quid? Theophrastus mediocriterne delectat.'),
(37, 'Toys & Games', 'Manilium, ab iisque M. Brutus dissentiet -- quod Graeci telos nominant.'),
(38, 'Video Games', 'Beate vivendi et apertam et simplicem et directam viam! Cum enim certe nihil homini possit melius esse quam vacare omni dolore careret, non modo non inopem, ut vulgo.'),
(39, 'Books', 'Contra vestra convicia, sed tamen satis acuti.'),
(40, 'Jewelry & Accessories', 'Ut calere ignem, nivem esse albam, dulce mel. Quorum nihil oportere exquisitis rationibus confirmare, tantum satis esse admonere. Interesse enim inter argumentum conclusionemque rationis et inter mediocrem animadversionem atque admonitionem. Altera occulta quaedam et quasi architecto beatae vitae disciplinam iuvaret. An ille.'),
(41, 'Footwear', 'Si aliquod aeternum et infinitum impendere.'),
(42, 'Clothing', 'Natura postulet non intellegunt, errore maximo, si Epicurum audire voluerint, liberabuntur: istae enim vestrae eximiae pulchraeque virtutes nisi voluptatem efficerent, quis.'),
(43, 'Office Supplies', 'Logikh dicitur, iste vester plane, ut mihi videtur, expediunt. Ut enim mortis metu omnis quietae vitae status perturbatur, et ut succumbere doloribus eosque humili animo inbecilloque ferre miserum est, ob eamque debilitatem animi multi parentes, multi.'),
(44, 'Office Supplies', 'Videro; interea hoc tenebo, si ob aliquam causam ista, quae sine dubio praeclara sunt, fecerint, virtutem iis per se ipsa esse contentam. Sed possunt haec quadam ratione dici non modo non repugnantibus, verum etiam summam voluptatem.'),
(45, 'Jewelry & Accessories', 'Quid faciendum non faciendumve sit, sed stare etiam oportet in eo, quod semel admissum coerceri reprimique non potest, ut non plus habeat sapiens, quod gaudeat, quam quod angatur. Optime vero Epicurus, quod exiguam dixit fortunam intervenire sapienti maximasque ab eo.'),
(46, 'Jewelry & Accessories', 'Quasi perpetua oblivione obruamus et secunda iucunde ac suaviter meminerimus. Sed cum ea, quae dices, libenter assentiar. Probabo, inquit, modo.'),
(47, 'Books', 'Cuiquam, sed contra semper afficit cum vi sua atque natura, quod tranquillat animos, tum spe nihil earum rerum defuturum, quas natura non depravata desiderat. Et quem ad modum temeritas et libido et ignavia semper animum excruciant et semper sollicitant turbulentaeque sunt, sic ut plura nemini e nostris, qui.'),
(48, 'Grocery & Gourmet', 'Natura duo quaerenda sint, unum, quae materia sit, ex qua quaeque res efficiatur, alterum, quae vis sit, quae quidque efficiat, de materia disseruerunt, vim et causam efficiendi reliquerunt. Sed hoc commune vitium, illae Epicuri propriae ruinae: censet enim eadem illa constituto veri a falso distinctio traditur. Restat locus huic disputationi vel maxime.'),
(49, 'Electronics', 'Quo non plus habeat sapiens, quod gaudeat, quam quod angatur. Optime vero Epicurus, quod exiguam dixit fortunam intervenire sapienti maximasque ab eo et gravissimas res consilio ipsius et.'),
(50, 'Electronics', 'Esse expetendam et insipientiam propter molestias esse fugiendam? Eademque ratione ne.'),
(51, 'Footwear', 'Epicurus una in domo, et.'),
(52, 'Baby Products', 'Saepe etiam videmus, et perspicuum est nihil ad iucunde vivendum reperiri posse, quod coniunctione tali sit aptius. Quibus ex omnibus iudicari potest non modo non impediri rationem amicitiae, si summum bonum consequamur? Clamat Epicurus, is quem vos nimis voluptatibus esse deditum dicitis; non posse.'),
(53, 'Tools & Hardware', 'In Stoicis? Legimus tamen Diogenem, Antipatrum, Mnesarchum, Panaetium, multos alios in primisque familiarem nostrum Posidonium. Quid? Theophrastus mediocriterne delectat, cum tractat locos ab Aristotele ante tractatos? Quid? Epicurei num desistunt de isdem, de quibus neque depravate iudicant neque corrupte, nonne ei maximam gratiam habere debemus, qui hac exaudita quasi voce naturae sic.'),
(54, 'Furniture', 'Fuga. Et harum quidem rerum facilis est et ab Epicuro sapiens semper beatus inducitur: finitas habet.'),
(55, 'Art & Craft Supplies', 'Nutu recte ferentur, primum erit hoc quasi, provincias atomis dare, quae recte, quae oblique ferantur, deinde eadem illa atomorum, in.'),
(56, 'Office Supplies', 'Ita dicam, et ad tranquillitatem ferant, quid est cur dubitemus dicere et sapientiam propter voluptates expetendam et dolorem ipsum per se ipsa allicit nec patientia nec assiduitas nec vigiliae nec ea ipsa, quae tibi probarentur; si qua in iis corrigere voluit, deteriora fecit. Disserendi artem nullam habuit. Voluptatem cum summum bonum diceret.'),
(57, 'Sports & Outdoors', 'Turbent, ut earum motus et impetus quo pertineant non intellegamus, tu tam egregios viros censes tantas res gessisse sine causa?'),
(58, 'Footwear', 'Ut tollatur error omnis imperitorum intellegaturque ea, quae sint quaeque cernantur, omnia, eumque motum atomorum nullo a principio, sed ex aeterno tempore intellegi convenire. Epicurus autem, in quibus nulla solida utilitas omnisque.'),
(59, 'Electronics', 'Ambigua distinguantur ostendit; iudicia rerum dirigentur, numquam ullius oratione victi sententia desistemus. Nisi autem rerum natura perspecta erit, nullo modo sine amicitia firmam et.'),
(60, 'Tools & Hardware', 'Dolore careret, non modo numquam nocet cuiquam, sed contra semper afficit cum vi sua atque natura, quod tranquillat animos, tum spe nihil earum rerum hic tenetur a sapiente.'),
(61, 'Footwear', 'Erant, ad quorum iudicium elaboraret, et sunt illius scripta.'),
(62, 'Video Games', 'Videtur, inermis ac nudus est. Tollit definitiones, nihil de dividendo ac partiendo docet, non quo ignorare vos arbitrer, sed ut ratione et via procedat oratio. Quaerimus igitur, quid sit extremum et ultimum bonorum, quod omnium philosophorum.'),
(63, 'Video Games', 'E qua ipsa horribiles existunt saepe formidines. Denique etiam morati melius erimus, cum didicerimus quid natura desideret. Tum.'),
(64, 'Health & Beauty', 'Primum igitur, inquit, sic agam, ut ipsi auctori huius disciplinae placet: constituam, quid et quale sit id, de quo Lucilius: ''ferreum scriptorem'', verum, opinor, scriptorem tamen, ut legendus sit. Rudem enim esse omnino in nostris poetis aut inertissimae segnitiae est aut in voluptate aut a voluptate aut a.'),
(65, 'Home & Kitchen', 'Quae maestitiam pellat ex animis, quae nos vocet ad se et alliciat suapte natura, non potest.'),
(66, 'Music & Instruments', 'Nihil esse maius amicitia, nihil uberius, nihil iucundius. Nec vero quisquam stultus non horum morborum aliquo laborat, nemo igitur est non miser. Accedit etiam mors, quae quasi saxum Tantalo semper impendet, tum superstitio, qua qui utuntur, benivolentiam sibi conciliant et.'),
(67, 'Health & Beauty', 'Placet an de una voluptate quaeri, de qua Epicurus quidem ita dicit, omnium rerum, quas ad beate vivendum se ipsa esse contentam. Sed possunt haec quadam ratione dici non modo.'),
(68, 'Pet Supplies', 'Non qua via captiosa solvantur ambigua distinguantur ostendit; iudicia rerum dirigentur, numquam ullius oratione victi sententia.'),
(69, 'Pet Supplies', 'Dolorem? Sunt autem quidam Epicurei timidiores paulo contra vestra convicia, sed tamen satis acuti, qui verentur ne, si amicitiam propter nostram voluptatem.'),
(70, 'Footwear', 'Tantopere quaerendum quam cum omnia in philosophia, tum id, quod.'),
(71, 'Toys & Games', 'Volumus, non tamquam adversarium aliquem convincere. Accurate autem quondam.'),
(72, 'Automotive', 'Potest non modo nullam captet, sed etiam spe.'),
(73, 'Sports & Outdoors', 'Sempiternum aut diuturnum timeret malum, quae perspexit in hoc ipso vitae spatio amicitiae praesidium esse firmissimum.'' Sunt autem quidam e nostris, et scribentur fortasse plura, si vita suppetet; et tamen, qui diligenter haec, quae de philosophia litteris mandamus, legere assueverit, iudicabit nulla.'),
(74, 'Office Supplies', 'Magnitudinem celeritas, diuturnitatem allevatio consoletur. Ad ea cum accedit, ut neque divinum numen horreat nec praeteritas voluptates effluere.'),
(75, 'Automotive', 'Eum locum seque facile, ut mihi quidem nulli satis eruditi videntur, quibus.'),
(76, 'Grocery & Gourmet', 'Audire vellem, censes haec dicturum fuisse? Utrum igitur percurri omnem Epicuri disciplinam placet an de una voluptate quaeri, de qua Epicurus quidem ita dicit, omnium rerum, quas ad beate vivendum se ipsa allicit nec patientia nec assiduitas nec vigiliae nec ea ipsa.'),
(77, 'Furniture', 'Voluptates effluere patiatur earumque assidua recordatione laetetur, quid est, cur nostri a nostris de amicitia dicenda sunt. Praeclare.'),
(78, 'Sports & Outdoors', 'Ea ipsa, quae tibi probarentur; si qua in iis rebus emolumenti, quae pariuntur iniuria. Itaque ne iustitiam quidem recte quis dixerit per se esse iucunda, per se esse fugiendum. Itaque aiunt hanc quasi naturalem atque insitam in animis inclusae inter.'),
(79, 'Clothing', 'Alienum; nam ante Aristippus, et ille melius. Addidisti ad extremum etiam indoctum fuisse. Fieri, inquam, Triari, nullo pacto.'),
(80, 'Electronics', 'Defensa est Epicuri sententia de voluptate, a meque ei responsum, cum C. Triarius, in primis gravis et doctus adolescens, ei disputationi interesset. Nam cum ad me in Cumanum.'),
(81, 'Furniture', 'Prorsus existimo, neque eum Torquatum, qui hoc primus cognomen invenerit, aut torquem illum hosti detraxisse, ut aliquam ex eo credo quibusdam usu venire; ut abhorreant a Latinis, quod inciderint in inculta quaedam et quasi involuta aperiri.'),
(82, 'Furniture', 'Cum conscientia factorum, tum poena legum odioque.'),
(83, 'Footwear', 'An ille tempus aut in voluptate ponit, quod summum bonum in voluptate ponit.'),
(84, 'Video Games', 'Diesque exeduntur, a diis inmortalibus supplicii causa importari putant. Quae autem de bene beateque vivendum. Sed existimo te, sicut nostrum Triarium, minus ab eo dissentiunt, sed certe non probes, eum quem ego arbitror unum vidisse verum maximisque erroribus animos hominum.'),
(85, 'Toys & Games', 'Totum hoc displicet philosophari. Quidam autem non tam solido quam splendido nomine, virtutem autem nixam hoc honesto nullam requirere voluptatem atque ad beate vivendum se ipsa esse contentam.'),
(86, 'Books', 'Sine cura metuque vivamus animumque et corpus, quantum efficere possimus, molestia liberemus. Ut enim medicorum scientiam non ipsius artis, sed bonae valetudinis causa probamus, et gubernatoris ars, quia.'),
(87, 'Grocery & Gourmet', 'Voluptaria, delicata, mollis habeatur disciplina, quam gravis, quam continens, quam severa sit. Non enim hanc solam sequimur, quae suavitate aliqua naturam ipsam movet et cum iucunditate quadam percipitur sensibus, sed maximam voluptatem.'),
(88, 'Music & Instruments', 'Meminit et praesentibus ita potitur, ut animadvertat quanta sint ea quamque iucunda.'),
(89, 'Office Supplies', 'Dicere et sapientiam propter voluptates expetendam et dolorem ipsum per se ipsa esse contentam. Sed possunt haec quadam ratione dici non necesse est. Tribus igitur modis video esse multos, sed imperitos --, quamquam autem et praeterita grate meminit et.'),
(90, 'Jewelry & Accessories', 'Fugiat, quo voluptas nulla pariatur? At vero eos et accusamus et iusto odio dignissimos ducimus, qui blanditiis praesentium voluptatum deleniti atque corrupti, quos dolores et quas molestias excepturi sint, obcaecati.'),
(91, 'Office Supplies', 'Et perpetuam iucunditatem vitae tenere possumus neque.'),
(92, 'Furniture', 'Quisque pro patria et pro suis suscipit, ut non dicas, quid non probes. Principio, inquam, in physicis, quibus maxime gloriatur, primum totus est alienus. Democritea dicit perpauca mutans, sed ita, ut ea, quae sint quaeque cernantur, omnia, eumque motum.'),
(93, 'Music & Instruments', 'Ut atomus altera alteram posset attingere itaque ** attulit rem.'),
(94, 'Grocery & Gourmet', 'Necesse est in voluptate velit esse, quam nihil molestiae consequatur, vel illum.'),
(95, 'Art & Craft Supplies', 'Dolor, non existimant oportere nimium nos causae.'),
(96, 'Art & Craft Supplies', 'Perferendis doloribus asperiores repellat. Hanc ego cum teneam.'),
(97, 'Art & Craft Supplies', 'Quae sint coniuncta explicabo brevi. Nullus in ipsis error est.'),
(98, 'Sports & Outdoors', 'Voluptate, a meque ei responsum, cum C. Triarius.'),
(99, 'Toys & Games', 'Idque instituit docere sic: Omne animal, simul atque natum sit, voluptatem.'),
(100, 'Baby Products', 'Laetitiam, id est in voluptate. Neque enim tempus est ullum, quo non plus habeat sapiens, quod gaudeat, quam quod angatur. Optime vero Epicurus, quod exiguam dixit fortunam intervenire.');


-- fabricate-flush


INSERT INTO "staffmember" ("staff_id", "user_id", "first_name", "last_name", "salary", "job_title", "hire_date") VALUES
(1, '1', 'Julienne', 'Pilkinton', '68794.58', 'Director of Marketing', '2024-06-09'),
(2, '2', 'Libby', 'Rivers', '81264.86', 'Business Analyst', '2024-11-16'),
(3, '3', 'Bibi', 'Matovic', '93626.96', 'Director of Marketing', '2024-09-26'),
(4, '4', 'Pepe', 'Filimore', '62539.07', 'Sales Representative', '2024-06-10'),
(5, '5', 'Emmalyn', 'Yglesia', '88084.40', 'Executive Assistant', '2025-01-03'),
(6, '6', 'Adina', 'McMeeking', '84073.82', 'Business Analyst', '2024-10-31'),
(7, '7', 'Reinold', 'Hotson', '75200.18', 'Office Administrator', '2024-04-28'),
(8, '8', 'Pepe', 'Talks', '93771.53', 'Human Resources Manager', '2024-07-16'),
(9, '9', 'Darcie', 'Fripp', '85321.64', 'Account Manager', '2025-03-30'),
(10, '10', 'Lira', 'Matus', '82159.25', 'Director of Sales', '2024-07-07'),
(11, '11', 'Rickard', 'Spinney', '86602.54', 'Chief Technology Officer', '2024-04-28'),
(12, '12', 'Moises', 'Sill', '89534.84', 'Product Manager', '2024-09-30'),
(13, '13', 'Daisi', 'MacGillivray', '95138.19', 'Lead Software Engineer', '2025-01-31'),
(14, '14', 'Waring', 'Earingey', '91598.54', 'Business Analyst', '2024-10-20'),
(15, '15', 'Giffy', 'Cater', '73893.85', 'Chief Executive Officer', '2024-06-29'),
(16, '16', 'Case', 'Roggerone', '64840.81', 'Marketing Coordinator', '2024-07-12'),
(17, '17', 'Halette', 'Ruslinge', '84596.07', 'Customer Support Specialist', '2024-05-07'),
(18, '18', 'Cynthia', 'Gabb', '68522.56', 'Systems Administrator', '2024-10-07'),
(19, '19', 'Mariel', 'Edgehill', '64118.07', 'Director of Marketing', '2024-11-26'),
(20, '20', 'Bogart', 'Maben', '71422.32', 'Customer Support Specialist', '2025-04-05'),
(21, '21', 'Jephthah', 'Ciric', '99887.38', 'Director of Marketing', '2024-11-29'),
(22, '22', 'Ugo', 'Beringer', '74252.75', 'Chief Technology Officer', '2024-10-14'),
(23, '23', 'Justina', 'Oag', '89789.85', 'Director of Sales', '2024-06-30'),
(24, '24', 'Dorice', 'Lyddon', '95356.33', 'Chief Financial Officer', '2024-05-15'),
(25, '25', 'Elenore', 'Devas', '70331.82', 'Sales Representative', '2024-05-06'),
(26, '26', 'Matthiew', 'Maryet', '83830.72', 'Systems Administrator', '2024-05-02'),
(27, '27', 'Mathias', 'Gerish', '82936.87', 'Chief Executive Officer', '2024-07-31'),
(28, '28', 'Abbie', 'Eplett', '85068.84', 'Quality Assurance Engineer', '2024-05-17'),
(29, '29', 'Amity', 'Scopham', '75549.54', 'Executive Assistant', '2025-03-10'),
(30, '30', 'Amy', 'Adie', '92016.77', 'Lead Software Engineer', '2025-01-06'),
(31, '31', 'Gan', 'Dri', '96046.28', 'Systems Administrator', '2025-01-12'),
(32, '32', 'Olenka', 'Olech', '64251.46', 'Executive Assistant', '2024-07-25'),
(33, '33', 'Camille', 'Trumble', '67524.89', 'Product Manager', '2024-11-25'),
(34, '34', 'Bobbi', 'Wernham', '85918.23', 'Account Manager', '2024-10-15'),
(35, '35', 'Reine', 'Dalyell', '78766.97', 'Quality Assurance Engineer', '2024-08-05'),
(36, '36', 'Tammie', 'Mapplebeck', '68428.72', 'Software Developer', '2025-02-28'),
(37, '37', 'Ottilie', 'Halden', '91943.33', 'Quality Assurance Engineer', '2024-11-04'),
(38, '38', 'Ellary', 'McGinnis', '93391.81', 'Office Administrator', '2024-06-28'),
(39, '39', 'Flss', 'McCumesky', '88555.50', 'Director of Marketing', '2025-01-18'),
(40, '40', 'Alexa', 'Laird', '62426.50', 'Executive Assistant', '2024-10-28'),
(41, '41', 'Hiram', 'Dungee', '74303.51', 'Customer Support Specialist', '2024-11-01'),
(42, '42', 'Mireielle', 'Buckie', '79248.57', 'Executive Assistant', '2024-11-04'),
(43, '43', 'Clo', 'Hobbert', '83760.13', 'Sales Representative', '2024-12-30'),
(44, '44', 'Annabella', 'Ivantsov', '75760.42', 'Technical Support Engineer', '2024-05-09'),
(45, '45', 'Cesya', 'Hazelhurst', '79839.89', 'Technical Support Engineer', '2025-03-02'),
(46, '46', 'Adriane', 'Ivashinnikov', '78860.49', 'Director of Marketing', '2024-08-09'),
(47, '47', 'Giffy', 'Chaloner', '66138.70', 'Executive Assistant', '2024-08-08'),
(48, '48', 'Lurleen', 'Kilbey', '60684.23', 'Chief Financial Officer', '2024-07-11'),
(49, '49', 'Jackie', 'Whyteman', '99400.41', 'Sales Representative', '2025-03-25'),
(50, '50', 'Daisey', 'Kynoch', '86374.66', 'Chief Technology Officer', '2024-12-18'),
(51, '51', 'Diego', 'Lerway', '73538.31', 'Quality Assurance Engineer', '2024-10-30'),
(52, '52', 'Aeriela', 'Dulanty', '64535.50', 'Product Manager', '2024-06-08'),
(53, '53', 'Giff', 'Baynes', '90283.81', 'Lead Software Engineer', '2024-11-21'),
(54, '54', 'Bary', 'Greatorex', '92810.03', 'Director of Sales', '2024-11-06'),
(55, '55', 'Ellwood', 'Stockle', '96797.65', 'Chief Technology Officer', '2024-08-22'),
(56, '56', 'Merwin', 'Bullar', '85956.97', 'Director of Marketing', '2024-07-06'),
(57, '57', 'Dede', 'Belfelt', '79063.81', 'Chief Technology Officer', '2024-09-18'),
(58, '58', 'Pat', 'Saice', '79391.08', 'Chief Operating Officer', '2024-12-17'),
(59, '59', 'Janelle', 'Lillee', '99191.80', 'Human Resources Manager', '2024-08-29'),
(60, '60', 'Hyacintha', 'Skeemor', '76055.07', 'Quality Assurance Engineer', '2025-02-17'),
(61, '61', 'Vittorio', 'Littlemore', '80691.07', 'Product Manager', '2024-08-31'),
(62, '62', 'Reamonn', 'Toffoloni', '89291.98', 'Chief Technology Officer', '2024-08-13'),
(63, '63', 'Dreddy', 'Fenix', '80174.02', 'Marketing Coordinator', '2024-09-06'),
(64, '64', 'Benjie', 'Leathe', '77810.60', 'Product Manager', '2024-09-05'),
(65, '65', 'Fran', 'Houseman', '87218.56', 'Account Manager', '2024-12-21'),
(66, '66', 'Celeste', 'Circuitt', '96108.32', 'Office Administrator', '2025-01-25'),
(67, '67', 'Nissa', 'Lavington', '76981.63', 'Executive Assistant', '2024-06-21'),
(68, '68', 'Haily', 'Pollie', '84380.73', 'Chief Financial Officer', '2024-08-14'),
(69, '69', 'Doralin', 'Rupprecht', '64890.85', 'Office Administrator', '2025-01-31'),
(70, '70', 'Blanche', 'Palffy', '84631.70', 'Quality Assurance Engineer', '2024-10-08'),
(71, '71', 'Janelle', 'Mabbott', '79595.79', 'Account Manager', '2024-08-16'),
(72, '72', 'Stinky', 'Domney', '61665.84', 'Sales Representative', '2025-01-11'),
(73, '73', 'Craig', 'Bremeyer', '80719.65', 'Software Developer', '2025-01-06'),
(74, '74', 'Sydelle', 'Brann', '72298.34', 'Account Manager', '2024-10-02'),
(75, '75', 'Onofredo', 'Howel', '71441.38', 'Technical Support Engineer', '2025-01-31'),
(76, '76', 'Stephi', 'Cicculini', '79139.82', 'Quality Assurance Engineer', '2024-11-17'),
(77, '77', 'Dunstan', 'Elfes', '87601.54', 'Quality Assurance Engineer', '2024-12-22'),
(78, '78', 'Bartolemo', 'Loxston', '81343.15', 'Director of Marketing', '2024-09-04'),
(79, '79', 'Shelli', 'Dyshart', '69217.59', 'Account Manager', '2025-01-16'),
(80, '80', 'Carlota', 'Madgewick', '99961.12', 'Software Developer', '2024-11-22'),
(81, '81', 'Taite', 'Vereker', '73622.76', 'Product Manager', '2025-04-05'),
(82, '82', 'Amber', 'Meenehan', '84925.03', 'Office Administrator', '2024-11-27'),
(83, '83', 'Philly', 'McFarland', '88511.86', 'Technical Support Engineer', '2024-09-18'),
(84, '84', 'Correna', 'Partleton', '74944.84', 'Office Administrator', '2024-09-30'),
(85, '85', 'Gage', 'Harbron', '81438.96', 'Lead Software Engineer', '2024-07-08'),
(86, '86', 'Pattie', 'Franssen', '79383.02', 'Human Resources Manager', '2025-03-22'),
(87, '87', 'Killie', 'Matuszyk', '94539.12', 'Quality Assurance Engineer', '2024-12-21'),
(88, '88', 'Maryellen', 'Bamlett', '64857.72', 'Sales Representative', '2024-06-20'),
(89, '89', 'Travus', 'Shivlin', '86220.31', 'Technical Support Engineer', '2024-10-05'),
(90, '90', 'Clementina', 'Spaight', '88428.57', 'Chief Financial Officer', '2025-03-05'),
(91, '91', 'Stacy', 'Cassam', '64814.12', 'Quality Assurance Engineer', '2024-05-27'),
(92, '92', 'Vanessa', 'Tordiffe', '72724.57', 'Customer Support Specialist', '2025-03-08'),
(93, '93', 'Bondie', 'Hucke', '87666.88', 'Executive Assistant', '2025-04-19'),
(94, '94', 'Maudie', 'Medforth', '75970.78', 'Chief Executive Officer', '2024-10-05'),
(95, '95', 'Jonah', 'MacConnal', '74297.40', 'Sales Representative', '2024-08-19'),
(96, '96', 'Shermie', 'Stell', '60429.46', 'Director of Sales', '2024-10-15'),
(97, '97', 'Bryanty', 'Strawbridge', '71033.92', 'Business Analyst', '2024-07-15'),
(98, '98', 'Timi', 'Maskall', '60712.30', 'Sales Representative', '2025-03-17'),
(99, '99', 'Athena', 'Wernham', '77804.48', 'Product Manager', '2024-12-11'),
(100, '100', 'Bonny', 'Partleton', '69539.45', 'Technical Support Engineer', '2024-10-04');


-- fabricate-flush


INSERT INTO "stock" ("stock_id", "product_id", "warehouse_id", "quantity", "unit_size", "last_restocked") VALUES
(1, '1', '1', '541', '42', '2024-11-10 05:54:20'),
(2, '2', '2', '851', '94', '2024-08-25 09:25:40'),
(3, '3', '3', '678', '64', '2024-08-22 02:48:00'),
(4, '4', '4', '252', '4', '2025-04-15 05:15:07'),
(5, '5', '5', '772', '34', '2025-02-25 05:09:32'),
(6, '6', '6', '412', '99', '2024-09-24 13:04:39'),
(7, '7', '7', '570', '74', '2024-06-01 21:45:45'),
(8, '8', '8', '144', '24', '2024-11-28 04:24:45'),
(9, '9', '9', '867', '67', '2024-06-27 15:09:56'),
(10, '10', '10', '846', '50', '2024-08-22 22:48:41'),
(11, '11', '11', '843', '16', '2025-04-12 05:28:09'),
(12, '12', '12', '271', '80', '2024-08-31 21:51:04'),
(13, '13', '13', '84', '17', '2024-11-08 23:34:01'),
(14, '14', '14', '592', '13', '2025-03-23 09:37:45'),
(15, '15', '15', '81', '51', '2024-08-10 22:47:12'),
(16, '16', '16', '893', '91', '2025-02-02 11:35:13'),
(17, '17', '17', '298', '25', '2025-04-10 00:11:47'),
(18, '18', '18', '62', '70', '2024-08-06 23:54:36'),
(19, '19', '19', '177', '68', '2024-08-15 09:38:54'),
(20, '20', '20', '770', '73', '2024-07-01 14:25:12'),
(21, '21', '21', '974', '10', '2024-08-15 19:43:05'),
(22, '22', '22', '385', '81', '2024-04-26 15:30:22'),
(23, '23', '23', '551', '54', '2025-01-01 18:55:29'),
(24, '24', '24', '839', '96', '2024-07-17 15:55:36'),
(25, '25', '25', '6', '67', '2024-05-22 00:04:22'),
(26, '26', '26', '864', '68', '2025-02-20 05:52:22'),
(27, '27', '27', '96', '36', '2024-07-20 15:26:49'),
(28, '28', '28', '47', '32', '2024-10-28 10:38:01'),
(29, '29', '29', '752', '59', '2024-12-25 07:45:42'),
(30, '30', '30', '503', '92', '2024-08-04 15:20:01'),
(31, '31', '31', '391', '54', '2024-05-03 07:30:38'),
(32, '32', '32', '62', '63', '2024-12-13 01:02:31'),
(33, '33', '33', '351', '5', '2024-12-06 02:40:44'),
(34, '34', '34', '949', '89', '2025-01-25 00:03:12'),
(35, '35', '35', '521', '31', '2024-12-01 01:53:44'),
(36, '36', '36', '430', '17', '2024-10-20 06:10:33'),
(37, '37', '37', '524', '66', '2024-10-06 17:18:20'),
(38, '38', '38', '400', '1', '2024-10-30 03:28:00'),
(39, '39', '39', '162', '32', '2025-03-13 23:33:28'),
(40, '40', '40', '79', '81', '2024-10-25 09:17:26'),
(41, '41', '41', '628', '93', '2024-06-09 17:01:07'),
(42, '42', '42', '271', '49', '2024-09-17 07:03:21'),
(43, '43', '43', '709', '46', '2025-03-22 18:11:24'),
(44, '44', '44', '20', '34', '2024-09-08 20:26:39'),
(45, '45', '45', '214', '84', '2024-07-19 14:48:56'),
(46, '46', '46', '432', '46', '2024-08-20 23:11:45'),
(47, '47', '47', '935', '14', '2024-06-25 06:06:59'),
(48, '48', '48', '811', '26', '2024-11-06 04:04:32'),
(49, '49', '49', '891', '53', '2025-04-07 17:01:55'),
(50, '50', '50', '186', '63', '2024-07-17 18:16:29'),
(51, '51', '51', '105', '79', '2025-01-07 05:33:59'),
(52, '52', '52', '219', '13', '2024-09-21 09:51:46'),
(53, '53', '53', '931', '26', '2024-07-14 04:03:37'),
(54, '54', '54', '49', '60', '2024-12-24 02:49:03'),
(55, '55', '55', '421', '28', '2024-04-30 13:54:54'),
(56, '56', '56', '458', '26', '2025-04-10 17:25:19'),
(57, '57', '57', '537', '42', '2025-03-16 23:28:12'),
(58, '58', '58', '16', '46', '2024-04-26 12:53:48'),
(59, '59', '59', '839', '82', '2024-12-29 15:27:50'),
(60, '60', '60', '905', '47', '2024-06-07 14:26:13'),
(61, '61', '61', '727', '4', '2024-08-25 02:28:31'),
(62, '62', '62', '138', '26', '2024-05-28 06:52:26'),
(63, '63', '63', '290', '96', '2025-01-12 12:59:34'),
(64, '64', '64', '560', '97', '2024-09-13 16:08:40'),
(65, '65', '65', '782', '83', '2024-11-25 22:51:03'),
(66, '66', '66', '405', '16', '2024-05-07 19:27:59'),
(67, '67', '67', '242', '17', '2024-08-22 20:57:03'),
(68, '68', '68', '600', '35', '2024-05-30 01:05:09'),
(69, '69', '69', '162', '70', '2025-02-16 02:15:20'),
(70, '70', '70', '633', '79', '2024-08-29 06:34:22'),
(71, '71', '71', '102', '85', '2024-07-12 11:30:43'),
(72, '72', '72', '380', '91', '2025-03-25 12:36:07'),
(73, '73', '73', '444', '66', '2024-08-31 19:23:44'),
(74, '74', '74', '289', '66', '2025-01-05 04:41:24'),
(75, '75', '75', '47', '81', '2024-06-18 12:35:35'),
(76, '76', '76', '447', '52', '2025-01-08 14:29:35'),
(77, '77', '77', '60', '61', '2024-10-30 23:20:02'),
(78, '78', '78', '256', '60', '2025-03-07 11:59:46'),
(79, '79', '79', '634', '1', '2024-11-17 10:07:55'),
(80, '80', '80', '835', '63', '2024-12-06 11:09:02'),
(81, '81', '81', '529', '98', '2025-01-12 02:26:54'),
(82, '82', '82', '568', '98', '2025-03-23 18:23:41'),
(83, '83', '83', '338', '58', '2024-08-11 08:22:56'),
(84, '84', '84', '793', '38', '2024-04-25 23:48:40'),
(85, '85', '85', '636', '12', '2024-12-16 08:23:20'),
(86, '86', '86', '78', '32', '2024-09-09 19:53:21'),
(87, '87', '87', '460', '82', '2024-09-25 16:50:14'),
(88, '88', '88', '356', '63', '2024-10-10 13:20:51'),
(89, '89', '89', '275', '57', '2024-11-18 18:06:34'),
(90, '90', '90', '629', '83', '2025-03-14 08:48:20'),
(91, '91', '91', '505', '82', '2024-10-18 04:40:51'),
(92, '92', '92', '963', '91', '2025-01-22 14:48:12'),
(93, '93', '93', '405', '66', '2025-01-31 01:47:40'),
(94, '94', '94', '261', '52', '2024-12-07 23:46:54'),
(95, '95', '95', '290', '22', '2024-10-31 08:47:41'),
(96, '96', '96', '835', '4', '2024-05-14 00:44:28'),
(97, '97', '97', '39', '57', '2025-03-05 15:00:22'),
(98, '98', '98', '270', '29', '2024-07-20 13:56:24'),
(99, '99', '99', '996', '68', '2024-12-06 00:08:16'),
(100, '100', '100', '91', '59', '2024-12-17 04:24:21');


-- fabricate-flush


INSERT INTO "supplier" ("supplier_id", "supplier_name", "address_id", "contact_name", "contact_email", "contact_phone") VALUES
(1, 'BiondVax Pharmaceuticals Ltd.', '1', 'Julienne Pilkinton', 'julienne.pilkinton@hotmail.fr', '(419) 648-7698'),
(2, 'Entertainment Gaming Asia Incorporated', '2', 'Libby Rivers', 'libby.rivers@hotmail.com', '(806) 530-0837'),
(3, 'Vera Bradley, Inc.', '3', 'Bibi Matovic', 'bibi.matovic@yahoo.com', '(412) 942-3527'),
(4, 'Ligand Pharmaceuticals Incorporated', '4', 'Pepe Filimore', 'pepe.filimore@hotmail.com', '(901) 195-4261'),
(5, 'Synthetic Fixed-Income Securities, Inc.', '5', 'Emmalyn Yglesia', 'emmalyn.yglesia@yahoo.com', '(859) 951-5031'),
(6, 'Vanguard Long-Term Corporate Bond ETF', '6', 'Adina McMeeking', 'adina.mcmeeking@yahoo.com', '(570) 334-1353'),
(7, 'Anchor Bancorp', '7', 'Reinold Hotson', 'reinold.hotson@yandex.ru', '(212) 365-1104'),
(8, 'MSG Networks Inc.', '8', 'Pepe Talks', 'pepe.talks@rediffmail.com', '(816) 675-8665'),
(9, 'Public Storage', '9', 'Darcie Fripp', 'darcie.fripp@hotmail.com', '(754) 929-6611'),
(10, 'Cloud Peak Energy Inc', '10', 'Lira Matus', 'lira.matus@gmail.com', '(310) 454-8871'),
(11, 'The Bon-Ton Stores, Inc.', '11', 'Rickard Spinney', 'rickard.spinney@comcast.net', '(816) 670-0897'),
(12, 'Delta Natural Gas Company, Inc.', '12', 'Moises Sill', 'moises.sill@yahoo.com', '(912) 885-5530'),
(13, 'Companhia Brasileira de Distribuicao', '13', 'Daisi MacGillivray', 'daisi.macgillivray@yahoo.com', '(805) 449-1955'),
(14, 'Hostess Brands, Inc.', '14', 'Waring Earingey', 'waring.earingey@gmail.com', '(515) 750-7365'),
(15, 'Novan, Inc.', '15', 'Giffy Cater', 'giffy.cater@aol.com', '(804) 216-9005'),
(16, 'ACNB Corporation', '16', 'Case Roggerone', 'case.roggerone@yahoo.com', '(714) 917-2889'),
(17, 'Duff & Phelps Utility & Corporate Bond Trust, Inc.', '17', 'Halette Ruslinge', 'halette.ruslinge@hotmail.com', '(707) 671-9652'),
(18, 'Allegiant Travel Company', '18', 'Cynthia Gabb', 'cynthia.gabb@yahoo.com', '(859) 638-0886'),
(19, 'R.R. Donnelley & Sons Company', '19', 'Mariel Edgehill', 'mariel.edgehill@yahoo.com.br', '(203) 762-9191'),
(20, 'BlackRock Multi-Sector Income Trust', '20', 'Bogart Maben', 'bogart.maben@yahoo.com', '(512) 666-8946'),
(21, 'Clearfield, Inc.', '21', 'Jephthah Ciric', 'jephthah.ciric@live.nl', '(719) 334-8901'),
(22, 'ShotSpotter, Inc.', '22', 'Ugo Beringer', 'ugo.beringer@yahoo.co.jp', '(989) 498-3826'),
(23, 'Brightcove Inc.', '23', 'Justina Oag', 'justina.oag@hotmail.com', '(540) 465-9533'),
(24, 'Brink''s Company (The)', '24', 'Dorice Lyddon', 'dorice.lyddon@yahoo.com', '(901) 230-2652'),
(25, 'China Cord Blood Corporation', '25', 'Elenore Devas', 'elenore.devas@hotmail.fr', '(478) 543-9107'),
(26, 'Kingsway Financial Services, Inc.', '26', 'Matthiew Maryet', 'matthiew.maryet@hotmail.com', '(415) 956-7889'),
(27, 'Curis, Inc.', '27', 'Mathias Gerish', 'mathias.gerish@hotmail.com', '(316) 163-9824'),
(28, 'Riverview Bancorp Inc', '28', 'Abbie Eplett', 'abbie.eplett@gmail.com', '(562) 563-9313'),
(29, 'Tarena International, Inc.', '29', 'Amity Scopham', 'amity.scopham@hotmail.com', '(916) 505-4419'),
(30, 'Two Harbors Investments Corp', '30', 'Amy Adie', 'amy.adie@yahoo.com', '(309) 456-4191'),
(31, 'Tower Semiconductor Ltd.', '31', 'Gan Dri', 'gan.dri@gmail.com', '(859) 452-5366'),
(32, 'Texas Instruments Incorporated', '32', 'Olenka Olech', 'olenka.olech@t-online.de', '(254) 250-0471'),
(33, 'Egalet Corporation', '33', 'Camille Trumble', 'camille.trumble@hotmail.com', '(315) 765-9923'),
(34, 'Maxwell Technologies, Inc.', '34', 'Bobbi Wernham', 'bobbi.wernham@yahoo.com', '(601) 654-2572'),
(35, 'MACOM Technology Solutions Holdings, Inc.', '35', 'Reine Dalyell', 'reine.dalyell@cox.net', '(973) 051-8669'),
(36, 'Nuveen All Cap Energy MLP Opportunities Fund', '36', 'Tammie Mapplebeck', 'tammie.mapplebeck@hotmail.com', '(775) 980-3635'),
(37, 'DLH Holdings Corp.', '37', 'Ottilie Halden', 'ottilie.halden@libero.it', '(770) 611-2461'),
(38, 'The Medicines Company', '38', 'Ellary McGinnis', 'ellary.mcginnis@hotmail.com', '(212) 520-4435'),
(39, 'Comp En De Mn Cemig ADS', '39', 'Flss McCumesky', 'flss.mccumesky@gmail.com', '(434) 483-1853'),
(40, 'Teledyne Technologies Incorporated', '40', 'Alexa Laird', 'alexa.laird@comcast.net', '(914) 561-1103'),
(41, 'Constellium N.V.', '41', 'Hiram Dungee', 'hiram.dungee@hotmail.com', '(404) 964-8193'),
(42, 'Prospect Capital Corporation', '42', 'Mireielle Buckie', 'mireielle.buckie@hotmail.com', '(713) 191-0532'),
(43, 'Peapack-Gladstone Financial Corporation', '43', 'Clo Hobbert', 'clo.hobbert@hotmail.com', '(318) 336-2837'),
(44, 'Cogint, Inc.', '44', 'Annabella Ivantsov', 'annabella.ivantsov@gmail.com', '(309) 043-5173'),
(45, 'SciClone Pharmaceuticals, Inc.', '45', 'Cesya Hazelhurst', 'cesya.hazelhurst@hotmail.com', '(949) 121-2702'),
(46, 'ENSCO plc', '46', 'Adriane Ivashinnikov', 'adriane.ivashinnikov@hotmail.com', '(323) 432-7691'),
(47, 'Phillips 66 Partners LP', '47', 'Giffy Chaloner', 'giffy.chaloner@bol.com.br', '(585) 961-7913'),
(48, 'McCormick & Company, Incorporated', '48', 'Lurleen Kilbey', 'lurleen.kilbey@hotmail.fr', '(713) 462-8168'),
(49, 'Kelly Services, Inc.', '49', 'Jackie Whyteman', 'jackie.whyteman@aol.com', '(205) 944-4965'),
(50, 'Synthetic Fixed-Income Securities, Inc.', '50', 'Daisey Kynoch', 'daisey.kynoch@yahoo.com', '(601) 627-7918'),
(51, 'Natuzzi, S.p.A.', '51', 'Diego Lerway', 'diego.lerway@gmail.com', '(713) 385-0347'),
(52, 'NN, Inc.', '52', 'Aeriela Dulanty', 'aeriela.dulanty@yahoo.com', '(530) 319-8443'),
(53, 'Fomento Economico Mexicano S.A.B. de C.V.', '53', 'Giff Baynes', 'giff.baynes@yahoo.com', '(205) 451-7130'),
(54, 'Arch Coal, Inc.', '54', 'Bary Greatorex', 'bary.greatorex@gmail.com', '(203) 246-4996'),
(55, 'CME Group Inc.', '55', 'Ellwood Stockle', 'ellwood.stockle@yahoo.com', '(504) 065-7898'),
(56, 'Lam Research Corporation', '56', 'Merwin Bullar', 'merwin.bullar@laposte.net', '(301) 372-9274'),
(57, 'Nuveen Missouri Quality Municipal Income Fund', '57', 'Dede Belfelt', 'dede.belfelt@hotmail.com', '(786) 360-5401'),
(58, 'TiVo Corporation', '58', 'Pat Saice', 'pat.saice@aol.com', '(503) 714-5000'),
(59, 'Infinera Corporation', '59', 'Janelle Lillee', 'janelle.lillee@yahoo.com', '(610) 382-0307'),
(60, 'Allscripts Healthcare Solutions, Inc.', '60', 'Hyacintha Skeemor', 'hyacintha.skeemor@hotmail.com', '(240) 566-2526'),
(61, 'Iridium Communications Inc', '61', 'Vittorio Littlemore', 'vittorio.littlemore@live.com', '(602) 289-5896'),
(62, 'Marin Software Incorporated', '62', 'Reamonn Toffoloni', 'reamonn.toffoloni@gmail.com', '(210) 562-0801'),
(63, 'ShoreTel, Inc.', '63', 'Dreddy Fenix', 'dreddy.fenix@yandex.ru', '(202) 086-1043'),
(64, 'Pacific American Income Shares, Inc.', '64', 'Benjie Leathe', 'benjie.leathe@googlemail.com', '(512) 072-2285'),
(65, 'Yield10 Bioscience, Inc.', '65', 'Fran Houseman', 'fran.houseman@hotmail.com', '(917) 490-7796'),
(66, 'The Michaels Companies, Inc.', '66', 'Celeste Circuitt', 'celeste.circuitt@libero.it', '(415) 757-9550'),
(67, 'Becton, Dickinson and Company', '67', 'Nissa Lavington', 'nissa.lavington@hotmail.com', '(850) 443-1149'),
(68, 'Golden Ocean Group Limited', '68', 'Haily Pollie', 'haily.pollie@hotmail.com', '(801) 587-4287'),
(69, 'Jones Lang LaSalle Incorporated', '69', 'Doralin Rupprecht', 'doralin.rupprecht@yahoo.com', '(501) 244-5866'),
(70, 'Nuveen Tax-Advantaged Total Return Strategy Fund', '70', 'Blanche Palffy', 'blanche.palffy@gmail.com', '(830) 972-1155'),
(71, 'NiSource, Inc', '71', 'Janelle Mabbott', 'janelle.mabbott@yahoo.com', '(425) 753-1722'),
(72, 'Rayonier Inc.', '72', 'Stinky Domney', 'stinky.domney@facebook.com', '(585) 586-0756'),
(73, 'West Bancorporation', '73', 'Craig Bremeyer', 'craig.bremeyer@gmail.com', '(281) 796-2791'),
(74, 'Invitae Corporation', '74', 'Sydelle Brann', 'sydelle.brann@blueyonder.co.uk', '(601) 278-8696'),
(75, 'Gabelli Dividend', '75', 'Onofredo Howel', 'onofredo.howel@gmail.com', '(763) 214-6621'),
(76, 'RPX Corporation', '76', 'Stephi Cicculini', 'stephi.cicculini@hotmail.com', '(412) 281-8520'),
(77, 'Kitov Pharmaceuticals Holdings Ltd.', '77', 'Dunstan Elfes', 'dunstan.elfes@hotmail.com', '(301) 465-3494'),
(78, 'FalconStor Software, Inc.', '78', 'Bartolemo Loxston', 'bartolemo.loxston@hotmail.com', '(213) 158-2254'),
(79, 'Seadrill Partners LLC', '79', 'Shelli Dyshart', 'shelli.dyshart@yahoo.com', '(716) 453-6782'),
(80, 'P.A.M. Transportation Services, Inc.', '80', 'Carlota Madgewick', 'carlota.madgewick@hotmail.com', '(916) 451-2352'),
(81, 'Laboratory Corporation of America Holdings', '81', 'Taite Vereker', 'taite.vereker@live.co.uk', '(801) 021-6979'),
(82, 'Guggenheim Strategic Opportunities Fund', '82', 'Amber Meenehan', 'amber.meenehan@yahoo.com', '(412) 415-9088'),
(83, 'First Internet Bancorp', '83', 'Philly McFarland', 'philly.mcfarland@hotmail.com', '(209) 328-3094'),
(84, 'XG Technology, Inc', '84', 'Correna Partleton', 'correna.partleton@gmail.com', '(443) 975-1470'),
(85, 'SunTrust Banks, Inc.', '85', 'Gage Harbron', 'gage.harbron@yahoo.com', '(718) 965-9079'),
(86, 'AllianceBernstein Holding L.P.', '86', 'Pattie Franssen', 'pattie.franssen@yahoo.com', '(714) 887-5089'),
(87, 'Lakeland Financial Corporation', '87', 'Killie Matuszyk', 'killie.matuszyk@yahoo.com', '(214) 357-2432'),
(88, 'Resolute Energy Corporation', '88', 'Maryellen Bamlett', 'maryellen.bamlett@gmail.com', '(585) 051-7288'),
(89, 'BSQUARE Corporation', '89', 'Travus Shivlin', 'travus.shivlin@yahoo.com.ar', '(504) 666-6831'),
(90, 'New Age Beverages Corporation', '90', 'Clementina Spaight', 'clementina.spaight@yahoo.co.in', '(770) 031-2181'),
(91, 'Gentex Corporation', '91', 'Stacy Cassam', 'stacy.cassam@gmail.com', '(254) 632-8777'),
(92, 'Vuzix Corporation', '92', 'Vanessa Tordiffe', 'vanessa.tordiffe@wanadoo.fr', '(706) 045-2398'),
(93, 'Thomson Reuters Corp', '93', 'Bondie Hucke', 'bondie.hucke@yahoo.co.uk', '(954) 622-0620'),
(94, 'MagnaChip Semiconductor Corporation', '94', 'Maudie Medforth', 'maudie.medforth@hotmail.com', '(251) 231-4921'),
(95, 'Progenics Pharmaceuticals Inc.', '95', 'Jonah MacConnal', 'jonah.macconnal@aol.com', '(309) 956-5217'),
(96, 'H&R Block, Inc.', '96', 'Shermie Stell', 'shermie.stell@hotmail.com', '(269) 165-1395'),
(97, 'Orion Group Holdings, Inc.', '97', 'Bryanty Strawbridge', 'bryanty.strawbridge@comcast.net', '(618) 135-7159'),
(98, 'Fang Holdings Limited', '98', 'Timi Maskall', 'timi.maskall@yahoo.co.jp', '(808) 569-7338'),
(99, 'Freightcar America, Inc.', '99', 'Athena Wernham', 'athena.wernham@yahoo.fr', '(520) 225-7732'),
(100, 'Rowan Companies plc', '100', 'Bonny Partleton', 'bonny.partleton@hotmail.com', '(540) 483-7085');


-- fabricate-flush


INSERT INTO "supplierproduct" ("supplier_product_id", "supplier_id", "product_id", "supplier_price", "minimum_order_quantity", "lead_time_days") VALUES
(1, '1', '1', '49.99', '68', '19'),
(2, '2', '2', '69.99', '61', '64'),
(3, '3', '3', '3.99', '39', '3'),
(4, '4', '4', '15.99', '92', '69'),
(5, '5', '5', '4.49', '43', '39'),
(6, '6', '6', '99.99', '46', '29'),
(7, '7', '7', '44.99', '99', '56'),
(8, '8', '8', '39.99', '72', '32'),
(9, '9', '9', '4.99', '30', '29'),
(10, '10', '10', '19.99', '92', '75'),
(11, '11', '11', '29.99', '7', '83'),
(12, '12', '12', '4.99', '40', '75'),
(13, '13', '13', '8.49', '19', '58'),
(14, '14', '14', '4.99', '92', '68'),
(15, '15', '15', '2.49', '91', '34'),
(16, '16', '16', '45.99', '69', '44'),
(17, '17', '17', '2.99', '72', '84'),
(18, '18', '18', '199.99', '42', '73'),
(19, '19', '19', '89.99', '87', '42'),
(20, '20', '20', '22.99', '39', '68'),
(21, '21', '21', '12.99', '92', '78'),
(22, '22', '22', '4.99', '39', '82'),
(23, '23', '23', '19.99', '77', '21'),
(24, '24', '24', '4.99', '4', '70'),
(25, '25', '25', '3.99', '80', '41'),
(26, '26', '26', '3.59', '35', '19'),
(27, '27', '27', '6.99', '14', '73'),
(28, '28', '28', '79.99', '45', '66'),
(29, '29', '29', '29.99', '28', '46'),
(30, '30', '30', '29.99', '40', '61'),
(31, '31', '31', '59.99', '7', '9'),
(32, '32', '32', '3.79', '73', '36'),
(33, '33', '33', '4.29', '43', '44'),
(34, '34', '34', '59.99', '86', '74'),
(35, '35', '35', '3.79', '62', '5'),
(36, '36', '36', '16.99', '98', '34'),
(37, '37', '37', '5.99', '86', '37'),
(38, '38', '38', '4.29', '78', '37'),
(39, '39', '39', '4.99', '37', '23'),
(40, '40', '40', '22.99', '88', '71'),
(41, '41', '41', '19.99', '8', '80'),
(42, '42', '42', '10.99', '52', '87'),
(43, '43', '43', '79.99', '51', '37'),
(44, '44', '44', '7.99', '63', '71'),
(45, '45', '45', '3.49', '53', '24'),
(46, '46', '46', '39.99', '1', '53'),
(47, '47', '47', '5.99', '21', '83'),
(48, '48', '48', '4.99', '71', '23'),
(49, '49', '49', '8.49', '29', '34'),
(50, '50', '50', '49.99', '31', '72'),
(51, '51', '51', '89.99', '64', '37'),
(52, '52', '52', '24.99', '49', '51'),
(53, '53', '53', '29.99', '83', '10'),
(54, '54', '54', '3.99', '20', '22'),
(55, '55', '55', '29.99', '22', '6'),
(56, '56', '56', '2.99', '32', '7'),
(57, '57', '57', '12.99', '29', '9'),
(58, '58', '58', '4.29', '35', '88'),
(59, '59', '59', '10.99', '14', '39'),
(60, '60', '60', '3.59', '27', '43'),
(61, '61', '61', '4.49', '18', '49'),
(62, '62', '62', '3.29', '17', '49'),
(63, '63', '63', '3.29', '23', '78'),
(64, '64', '64', '12.99', '73', '66'),
(65, '65', '65', '4.19', '73', '60'),
(66, '66', '66', '24.99', '48', '58'),
(67, '67', '67', '3.99', '31', '52'),
(68, '68', '68', '5.99', '23', '36'),
(69, '69', '69', '4.49', '46', '30'),
(70, '70', '70', '39.99', '14', '84'),
(71, '71', '71', '4.99', '38', '41'),
(72, '72', '72', '39', '81', '67'),
(73, '73', '73', '4.29', '23', '60'),
(74, '74', '74', '3.49', '87', '1'),
(75, '75', '75', '45', '74', '20'),
(76, '76', '76', '29.99', '35', '71'),
(77, '77', '77', '4.79', '27', '43'),
(78, '78', '78', '3.49', '39', '36'),
(79, '79', '79', '19.99', '79', '17'),
(80, '80', '80', '2.99', '79', '74'),
(81, '81', '81', '8.49', '19', '80'),
(82, '82', '82', '299.99', '94', '36'),
(83, '83', '83', '2.49', '67', '81'),
(84, '84', '84', '89.99', '17', '86'),
(85, '85', '85', '3.79', '93', '25'),
(86, '86', '86', '3.99', '79', '30'),
(87, '87', '87', '3.99', '77', '80'),
(88, '88', '88', '39.99', '73', '60'),
(89, '89', '89', '2.49', '75', '69'),
(90, '90', '90', '109.99', '43', '27'),
(91, '91', '91', '39.99', '72', '16'),
(92, '92', '92', '5.49', '61', '24'),
(93, '93', '93', '24.99', '27', '67'),
(94, '94', '94', '49.99', '66', '18'),
(95, '95', '95', '29.99', '45', '20'),
(96, '96', '96', '3.99', '67', '23'),
(97, '97', '97', '349.99', '85', '83'),
(98, '98', '98', '2.99', '43', '83'),
(99, '99', '99', '5.49', '95', '60'),
(100, '100', '100', '22.99', '74', '21');


-- fabricate-flush


INSERT INTO "useraccount" ("user_id", "keycloak_id") VALUES
(1, 'e024c6a0-a351-4ee7-ae0c-bdcf13457ad6'),
(2, '6ea86e4f-8201-4e7f-a2be-60f30a6026b3'),
(3, '4476e889-8baf-42e7-ac2a-9535110c83ce'),
(4, '92b097d8-d9eb-43fd-a3be-7a8020c22845'),
(5, 'b8dc4ed4-9029-442f-9639-468769294080'),
(6, '0e59543c-39e9-4137-9ec2-62d8ceb69009'),
(7, '5b034bd9-1be2-42a4-946c-0eccb795d487'),
(8, 'db2ad370-d2d1-40fd-af6b-795aa06b0365'),
(9, 'f27bcfcd-ddfa-4aa7-8692-97851cf3ad95'),
(10, '4538ed2c-0c61-482f-801c-fd887334571a'),
(11, '1ea6dda3-9f22-4725-a79a-ff243eecc163'),
(12, 'f5383744-5582-4202-9089-7d4f45602225'),
(13, '3df6967f-3e11-47d8-b521-90935f0cad77'),
(14, '7352c05e-bd6b-43c5-8df3-1f4062c792d3'),
(15, '9b6edc0e-80c7-4667-82bc-4df4ff6e9168'),
(16, '12f3439d-5098-456a-8509-a20d42f6000b'),
(17, '672df90a-dfea-4c87-847f-f1e69fd78a78'),
(18, '67b09622-79a3-40d4-b4c8-631f3eea41db'),
(19, 'b2f57fdc-56df-42b0-9ba0-c9d207565c42'),
(20, '1eec2112-5ef1-44bd-a4c3-c87e12c109cc'),
(21, '3ceb7376-2eb1-4750-ba36-e892573d69dc'),
(22, '812d522d-0d15-4e01-a85f-e3d73e8079d9'),
(23, '9194d656-7f14-4b98-89ad-9b1685903e48'),
(24, '5cff538e-f8f2-4165-9ef9-efcdec3b725e'),
(25, '49b57e43-36b8-4354-936e-1a220212712c'),
(26, '92846fbe-f8f0-474e-958c-cbc6014c8273'),
(27, 'a07b7ed1-679a-447f-8ef3-1b458fb3d25a'),
(28, 'd52f97c2-52e2-486b-a6bc-4ee054dfbde3'),
(29, 'bf4755a4-b8be-4b64-807c-8d98a6b2d62c'),
(30, '4323f491-afc1-421e-91ac-2261d80b137d'),
(31, 'f544780b-afad-4706-bd50-58f722e432a7'),
(32, '5cac2e79-b2ec-4e36-be30-35ab6e967d31'),
(33, 'b0c59ecc-6a5d-45f0-937f-053aaf6d88f0'),
(34, 'f7de5e5e-4e86-4156-95a7-b71ae5b1bb68'),
(35, '32ef7d4d-c4af-447c-91dc-f8c4c34aeba3'),
(36, 'd3aa6422-14b6-4e8a-9fd9-a9d9d1375a10'),
(37, 'eeb48dbc-bd55-4b65-a477-d5ea18934163'),
(38, '522aaa72-17c8-4d39-9ed6-59d23f3923a8'),
(39, '01e4419c-c883-4a33-bc85-d571a0dcff70'),
(40, '399d5597-685c-4d25-a91f-e3038c8be601'),
(41, '7c6b6ab6-1008-4618-b4f3-f653314fe009'),
(42, '24be56ed-b2d9-45ed-be22-a2e65ee8bcda'),
(43, 'a5eeaf2b-b6a1-40c4-ab03-41dc2fc539fb'),
(44, '0dbc7091-770e-4992-840f-cc993fd0bdcb'),
(45, '135c3183-103b-439b-ac36-a40cf5e98ba0'),
(46, 'f4e526a0-dc75-43d0-a16f-47d3e1f3b075'),
(47, '87fcc35c-7c60-4fff-81f0-03f160218db8'),
(48, '96042244-7956-41f5-b989-ed5d35d64714'),
(49, '74ddda45-cf16-4b36-9c71-4d41093150b5'),
(50, 'b3a833c1-31a7-4a79-be8e-826a689948bb'),
(51, 'c828c304-a368-4998-95f6-e132a2e6ce83'),
(52, '6cab80fa-ad7a-413c-9d5d-d48748947aaf'),
(53, '4865af42-df5e-4b3f-bd42-2628a5ebcf51'),
(54, 'd19c321b-bac2-4497-833e-95d47952abf9'),
(55, '76b03f62-a528-49d2-845e-16180405afdc'),
(56, 'd22fd523-504c-4a76-8ee2-1783d49e26e1'),
(57, 'f1d57906-f9a4-4ac8-b7dc-5d7126fb4abf'),
(58, 'd5f16ad8-97f7-4c5d-a3cc-b7fb83a568ad'),
(59, 'd2338988-7a4a-4344-8dbc-7757d920ed93'),
(60, '45aacb2e-0658-4e20-8beb-7d279ec3fe7d'),
(61, '1c3b763c-1409-45f8-bdc6-c686b2175f8a'),
(62, 'e78d918e-1854-4da1-acbd-ce347d8036fe'),
(63, '15c6a737-4ded-4ccc-b083-5f62a2f645ff'),
(64, '22af2960-174f-4dee-95e3-7030e4702193'),
(65, '2f0bcb5c-0c5b-4703-84cf-64af2d20a46d'),
(66, '790a8ffb-ab9d-4cd2-b6d3-36c620138bc2'),
(67, 'dc46643e-2915-4339-ac74-9faa29aa324b'),
(68, '031ccaf4-5fa4-4ba1-ae23-98a3e3c409eb'),
(69, '6c55314a-992b-4ec5-8d3a-30f77c77db4d'),
(70, 'bf6df733-1649-4bda-8716-f87be66aa91d'),
(71, '0351ca80-2cd5-49f1-92f3-5c0b43b58545'),
(72, 'b8d56406-5437-4776-928b-4635fb3af050'),
(73, 'e1847678-30e8-4f4d-a078-3c110d52f3e8'),
(74, 'ada2510d-6052-44b9-8d16-b89ed3797318'),
(75, '7f37e187-3b7b-4819-be7c-e14ad44daae6'),
(76, '5a34ae23-b95f-40c9-a22f-66787bff4ac1'),
(77, '1edf1243-e2ab-4935-b6b5-673358b67839'),
(78, 'eeb05ef0-1afb-454c-803e-92e7d145858c'),
(79, '603ab84c-9375-42ff-b952-21d3cdcdc4de'),
(80, 'a89db784-51e9-44d9-9055-12eadf262908'),
(81, '0d030393-352e-428d-93e1-4ac4283fd79c'),
(82, 'a4f27624-0d9f-479c-a7f4-8d804c09eea4'),
(83, 'ff206605-46e9-4907-9975-43f5cc6b0f11'),
(84, '2997500b-7d46-42e7-8c1c-fb9b3cadc564'),
(85, 'cf29525b-fc11-4115-a2a2-4193ecd0ca50'),
(86, '50f4d147-039e-4855-ab2e-b7de98aadab7'),
(87, '3a88c05e-fca6-4713-bc24-db5fe1a7778a'),
(88, '974993e2-c53a-405a-9ed9-970b1f488f4c'),
(89, '06f2dd53-869f-4480-b174-748501ba41d9'),
(90, '914b7855-1492-4422-bfda-b306644871ff'),
(91, '7e85b121-f89b-4011-a983-78556fdc1b90'),
(92, 'f1f2f3e0-45b9-4ea4-86d2-0acffd64a3d5'),
(93, '91150909-283c-47ed-8c60-2adc31755146'),
(94, '38548813-b8dd-482e-8e81-51037d9b0268'),
(95, '5db4712d-f14d-4d23-9add-fb40164b370d'),
(96, '2049da58-c547-494f-8565-661405d5573c'),
(97, 'a11f8189-99c6-4638-8839-93c993ea8af7'),
(98, 'c72ff944-5674-4099-8c8c-0e5d9d5b8873'),
(99, '2ccca26b-1fc4-46b0-8288-e42f69d348f6'),
(100, '0354f024-5d25-4e21-9cc4-602a4b81d5e6');


-- fabricate-flush


INSERT INTO "warehouse" ("warehouse_id", "warehouse_name", "address_id", "capacity") VALUES
(1, 'West Point Fulfillment Center', '1', '707424'),
(2, 'Central Distribution Center', '2', '758283'),
(3, 'East End Logistics Hub', '3', '703180'),
(4, 'Lakeside Storage Facility', '4', '53990'),
(5, 'East End Logistics Hub', '5', '578830'),
(6, 'Harborfront Warehouse', '6', '859679'),
(7, 'Riverside Logistics Center', '7', '366881'),
(8, 'Lakeside Storage Facility', '8', '305387'),
(9, 'West Point Fulfillment Center', '9', '632625'),
(10, 'Northside Storage Warehouse', '10', '108325'),
(11, 'Southside Inventory Depot', '11', '531005'),
(12, 'Lakeside Storage Facility', '12', '782802'),
(13, 'Central Distribution Center', '13', '517393'),
(14, 'Hillside Distribution Hub', '14', '908287'),
(15, 'Southside Inventory Depot', '15', '969726'),
(16, 'Riverside Logistics Center', '16', '446934'),
(17, 'Downtown Supply Warehouse', '17', '14453'),
(18, 'East End Logistics Hub', '18', '821982'),
(19, 'Southside Inventory Depot', '19', '283315'),
(20, 'Central Distribution Center', '20', '618164'),
(21, 'East End Logistics Hub', '21', '906847'),
(22, 'Harborfront Warehouse', '22', '453828'),
(23, 'Northside Storage Warehouse', '23', '476748'),
(24, 'Hillside Distribution Hub', '24', '483999'),
(25, 'Hillside Distribution Hub', '25', '382182'),
(26, 'Central Distribution Center', '26', '988239'),
(27, 'Harborfront Warehouse', '27', '581340'),
(28, 'Central Distribution Center', '28', '393336'),
(29, 'Downtown Supply Warehouse', '29', '20769'),
(30, 'Riverside Logistics Center', '30', '188430'),
(31, 'Southside Inventory Depot', '31', '336269'),
(32, 'Riverside Logistics Center', '32', '897914'),
(33, 'West Point Fulfillment Center', '33', '841057'),
(34, 'Downtown Supply Warehouse', '34', '907348'),
(35, 'Southside Inventory Depot', '35', '889671'),
(36, 'Downtown Supply Warehouse', '36', '781663'),
(37, 'East End Logistics Hub', '37', '494812'),
(38, 'Riverside Logistics Center', '38', '705359'),
(39, 'Riverside Logistics Center', '39', '973727'),
(40, 'Harborfront Warehouse', '40', '156516'),
(41, 'Riverside Logistics Center', '41', '27268'),
(42, 'Southside Inventory Depot', '42', '634008'),
(43, 'Central Distribution Center', '43', '338833'),
(44, 'Hillside Distribution Hub', '44', '785341'),
(45, 'Hillside Distribution Hub', '45', '932783'),
(46, 'East End Logistics Hub', '46', '123857'),
(47, 'Riverside Logistics Center', '47', '493905'),
(48, 'Northside Storage Warehouse', '48', '97139'),
(49, 'Downtown Supply Warehouse', '49', '767645'),
(50, 'Central Distribution Center', '50', '822915'),
(51, 'Harborfront Warehouse', '51', '462657'),
(52, 'Northside Storage Warehouse', '52', '221054'),
(53, 'Downtown Supply Warehouse', '53', '59578'),
(54, 'Northside Storage Warehouse', '54', '170538'),
(55, 'Southside Inventory Depot', '55', '508132'),
(56, 'Northside Storage Warehouse', '56', '338699'),
(57, 'East End Logistics Hub', '57', '459497'),
(58, 'Northside Storage Warehouse', '58', '575466'),
(59, 'Harborfront Warehouse', '59', '239758'),
(60, 'Lakeside Storage Facility', '60', '988969'),
(61, 'West Point Fulfillment Center', '61', '130443'),
(62, 'Hillside Distribution Hub', '62', '897510'),
(63, 'Downtown Supply Warehouse', '63', '269622'),
(64, 'West Point Fulfillment Center', '64', '823085'),
(65, 'Northside Storage Warehouse', '65', '450082'),
(66, 'Hillside Distribution Hub', '66', '321035'),
(67, 'Hillside Distribution Hub', '67', '771876'),
(68, 'Riverside Logistics Center', '68', '187252'),
(69, 'Harborfront Warehouse', '69', '310067'),
(70, 'Hillside Distribution Hub', '70', '110709'),
(71, 'Central Distribution Center', '71', '908111'),
(72, 'Central Distribution Center', '72', '289371'),
(73, 'Downtown Supply Warehouse', '73', '36155'),
(74, 'Harborfront Warehouse', '74', '730032'),
(75, 'Hillside Distribution Hub', '75', '14205'),
(76, 'Downtown Supply Warehouse', '76', '911258'),
(77, 'Downtown Supply Warehouse', '77', '350961'),
(78, 'East End Logistics Hub', '78', '329799'),
(79, 'Harborfront Warehouse', '79', '82811'),
(80, 'Southside Inventory Depot', '80', '109310'),
(81, 'Southside Inventory Depot', '81', '408574'),
(82, 'West Point Fulfillment Center', '82', '702990'),
(83, 'Lakeside Storage Facility', '83', '481944'),
(84, 'Hillside Distribution Hub', '84', '984754'),
(85, 'Southside Inventory Depot', '85', '318192'),
(86, 'West Point Fulfillment Center', '86', '190768'),
(87, 'Downtown Supply Warehouse', '87', '819167'),
(88, 'Harborfront Warehouse', '88', '188029'),
(89, 'Hillside Distribution Hub', '89', '688687'),
(90, 'West Point Fulfillment Center', '90', '141703'),
(91, 'Downtown Supply Warehouse', '91', '312605'),
(92, 'Southside Inventory Depot', '92', '582587'),
(93, 'Harborfront Warehouse', '93', '490410'),
(94, 'Riverside Logistics Center', '94', '671088'),
(95, 'Riverside Logistics Center', '95', '234820'),
(96, 'Central Distribution Center', '96', '759540'),
(97, 'Harborfront Warehouse', '97', '720307'),
(98, 'Lakeside Storage Facility', '98', '890871'),
(99, 'Harborfront Warehouse', '99', '600658'),
(100, 'Hillside Distribution Hub', '100', '846683');


-- fabricate-flush


SET session_replication_role = 'origin';
